question_id,segmented_question
8e2cfe626cebf209f94e0db8f147960c,"Mức xử_phạt đối_với hành_vi không tổ_chức khám sức_khoẻ định_kỳ , khám bệnh_nghề_nghiệp cho người lao_động được quy_định như_thế_nào ?"
0a32724630653580cc90c77bcf552baf,Tranh_chấp giữa cơ_quan ký_kết hợp_đồng dự_án PPP với nhà_đầu_tư trong nước thuộc thẩm_quyền giải_quyết của cơ_quan nào ?
e66ae5eecc1672bac2c5799673666bda,"Trình_tự cấp , cấp lại Giấy chứng_nhận đủ điều_kiện sản_xuất sản_phẩm xử_lý môi_trường nuôi_trồng thuỷ_sản được quy_định như_thế_nào ?"
6b815a5b10736472101034aa8bd58146,Thành_viên hợp danh thì có được làm chủ doanh_nghiệp không ?
4d4ed6ef19708f3e18fef48e4786a06e,Luật_sư có được miễn đào_tạo nghề đấu_giá hay không ?
14abaff7da7786919278833e8114b56a,Quy_định về thời_gian tổ_chức diễn_đàn trẻ_em được quy_định như_thế_nào ?
211e29e456a552969de2e7a4b9e59ddc,Bồi_dưỡng kiến_thức về hoạt_động đo_đạc và bản_đồ được quy_định như_thế_nào ?
027ee1d7ec4e69f6f8dcaecbe308ff71,Quy_định về quy_trình lựa_chọn nhà_thầu mua vé máy_bay đối_với đoàn đi công_tác trong nước
f6df72b03058b20076c6dd10e863afbc,Hội_đồng sáng_kiến cấp cơ_sở được thành_lập như_thế_nào ?
3e1d2700a2d01d9f1badc61019c673cf,"Việc quản_lý cơ_sở_dữ_liệu về sự_cố , tai_nạn giao_thông đường_sắt được quy_định như_thế_nào ?"
25fe8297a9c55e001658a5a8b559f841,Mức phạt nếu thông_báo không đúng về bưu_chính khi có thay_đổi liên_quan đến văn_bản xác_nhận thông_báo hoạt_động được quy_định như_thế_nào ?
92c053a4f1d981c6d74483f319270ea4,Hành_vi vượt xe_máy trong hầm đường_bộ không đúng nơi quy_định sẽ bị xử_phạt bao_nhiêu ?
35a381c5475b165e5959b7a8961e4831,"Quy_định về trình_tự thông_báo kết_quả xét_nghiệm HIV dương_tính cho nhân_viên y_tế trực_tiếp tham_gia chăm_sóc , điều_trị người bị nhiễm HIV"
1409c388d28ba3e54ec3ded95be73025,Trưởng tàu cho tàu chạy khi chưa nhận được tín_hiệu an_toàn bị phạt bao_nhiêu tiền ?
2e296d3bf203dcce555b4113a51e07ad,Trách_nhiệm của Cảng_vụ Hàng_hải Nha_Trang được quy_định như_thế_nào ?
cb6736f4053e104d20b7461e4cbeef54,Vốn hoạt_động của Cục Đăng_kiểm Việt_Nam gồm những nguồn nào ?
bbdf6400c8e854b38d6c3cc6b6f16e7f,"Xuất_bản tài_liệu , tờ_rơi , tờ_gấp , bản_đồ , lịch , tranh , ảnh của cơ_quan đại_diện nước_ngoài , tổ_chức nước_ngoài tại Việt_Nam được quy_định như_thế_nào ?"
b937e255b4e3783d26d402426e6eafa8,"Mức phạt nếu tài_xế xe_khách không chạy đúng tuyến đường , lịch_trình vận_tải"
82cf8f00e52f6bef08fe665e13b70dd5,"Mức phạt người được chở trên xe mô_tô , xe_gắn_máy bám , kéo , đẩy xe khác ?"
48d89d8256bd4f2c73955bcf3ad02dd3,Đỗ xe ô_tô trên dốc không chèn bánh sẽ bị xử_phạt bao_nhiêu ?
04ad87051747e549cc3cd38bd4991dc8,Ai có trách_nhiệm nộp phí thẩm_định nội_dung tài_liệu không kinh_doanh để cấp giấy_phép xuất_bản ?
a87d52d4eb702e670123bb282b7def58,Tổ_chức hội_nghị đối_thoại giữa Chủ_tịch phường với Nhân_dân ở TP HCM được quy_định như_thế_nào ?
8d4d71388c38b2741cafc11b9379d3f8,Thư_ký hành_chính của Hội_đồng đạo_đức nghiên_cứu y_sinh_học được quy_định như_thế_nào ?
e42c2d2fc10b24e83a82476fda3033da,Doanh_thu cho thuê nhà là 88 triệu / năm thì có phải đóng lệ_phí môn_bài ?
af777180cabf5b9ade4794ea92f6647f,Tỷ_lệ nâng bậc lương trước thời_hạn do lập thành_tích xuất_sắc đối_với quân_nhân chuyên_nghiệp được quy_định như_thế_nào ?
ceb40af01a17898b451f57b78723de6a,"Bộ Lao_động TB & XH có trách_nhiệm trong hợp_tác quốc_tế trong lĩnh_vực phòng , chống ma_tuý như_thế_nào ?"
1577337883ccbd1b7ec0cd6e620266b0,Tổ_chức trao_tặng danh_hiệu thi_đua ngành lao_động thương_binh và xã_hội được quy_định như_thế_nào ?
aab3fda030f3cea89cfaa58a095efe3d,"Mức phạt hành_vi để xe_máy ở lòng_đường đô_thị , hè phố trái quy_định"
0e2612f7896f2156cb96b216b3e5a72c,"Từ năm 2020 , ai chi_trả kinh_phí khám_chữa bệnh cho phạm_nhân ?"
3df3b4dda6bffa6ed3403ecb9436858f,Định_nghĩa thu_nhập từ các hoạt_động biểu_diễn của nghệ_sĩ và vận_động_viên theo Hiệp_định tránh đánh thuế hai lần được quy_định như_thế_nào ?
e2f5e5f8450bd6da6a2cb731e7cd93b5,"Cảng_hàng_không , sân_bay căn_cứ được hiểu như_thế_nào ?"
7d30d2c617cc481a2ba2b34ac6e5a708,Điều_khiển xe_máy thành_đoàn gây cản_trở giao_thông bị phạt bao_nhiêu ?
1e9f8719d4c0bcd63e8dcae2d94ee5a9,"Đề_nghị / thông_báo họp_báo của cơ_quan đại_diện nước_ngoài , tổ_chức nước_ngoài tại Việt_Nam được quy_định như_thế_nào ?"
15cf1e23471d118aa07fa5b5984d4e7f,Chi_phí chuyển_đổi doanh_nghiệp nhà_nước tái cơ_cấu thành công_ty cổ_phần được quy_định như_thế_nào ?
9e15a63aa217379912d37bd52b6e7973,Có được đòi lại di_sản thừa_kế mà trước_đây đã từ_chối không ?
332557dce8172c5e921f27022a53af03,Thương_nhân làm dịch_vụ vận_chuyển quá_cảnh hàng_hoá được quy_định như_thế_nào ?
e952c060dc1e3a45ef8dd0903f66be01,Không dịch chứng_từ kế_toán bằng tiếng nước_ngoài ra tiếng Việt phạt bao_nhiêu ?
db3e48ce464070de77dfcd49ab10cf36,Kiểm_soát_viên công_ty TNHH một thành_viên do Nhà_nước nắm giữ 100% vốn_điều_lệ là ai ?
807198641ae4c1a5a4fe597047cdf69f,Hợp_đồng tặng cho bất_động_sản có hiệu_lực từ khi nào ?
55c1356c0b0190aa67c9d02b78487edd,Có được Nhà_nước hỗ_trợ sửa_chữa nhà_tình_nghĩa không ?
2cd9e9ab189da25fe8b85982bac45918,Nguyên_tắc hoạt_động của Hội_đồng tư_vấn chuyên_môn đánh_giá nguyên_nhân tai_biến nặng trong quá_trình sử_dụng vắc_xin được quy_định như_thế_nào ?
c5c4d90a3806737b5ffea4ceeb5052ef,Quy_định về hồ_sơ đề_nghị cấp lại Quyết_định công_nhận lưu_hành giống cây_trồng
b41469385e54e6275786e36c0540d6af,Mức phạt khi điều_khiển xe ô_tô vượt xe tại đoạn đường có biển_báo hiệu có nội_dung cấm vượt
1a5e95abc21338cdfbcaeaa5f2bc48da,Mức phạt hành_vi đầu_tư hoạt_động du_lịch sinh_thái trong rừng_phòng_hộ lập dự_án kinh_doanh không phù_hợp với đề_án được quy_định như_thế_nào ?
73fbc928915cd503cae1cf94cad214b0,Gửi hồ_sơ dự_thảo văn_bản quy_phạm_pháp_luật của Bộ Công_Thương để Vụ Pháp_chế thẩm_định được quy_định như_thế_nào ?
5eac14a00a110eb7568e9fbeadbca1ed,"Khung giám_sát , đánh_giá dự_án đầu_tư trong Bộ Quốc_phòng được quy_định như_thế_nào ?"
826af69d8f1a1ff395987b34a99c64c1,"Những_ai phải nộp phí , lệ_phí ở nước_ngoài trong lĩnh_vực ngoại_giao ?"
d1e530b3f3537e3c8dc7a67948a57455,Việc gia_công chuyển_tiếp hàng_hoá có yếu_tố nước_ngoài được quy_định như_thế_nào ?
f57df5b2ec0802376fa99570e3b2a64a,"Các phương_thức đào_tạo từ xa , tự học có hướng_dẫn bao_gồm những gì ?"
205f301fb8f639e508a3f32fd443a62c,Doanh_nghiệp tư_nhân thì có được giảm vốn hoạt_động hay không ?
83c013ed01a9c0c3e41eab62746d097a,Chị ruột có_thể đại_diện cho người khuyết_tật là em_trai mình làm thủ_tục cấp đổi không ?
6b93ca70c3ef3b604ebc9d102dbe86f7,Thời_lượng đào_tạo cán_bộ làm nhiệm_vụ hỗ_trợ đào_tạo cho doanh_nghiệp nhỏ và vừa được quy_định thế_nào ?
dcada3d73128d8cad49d82128805b981,Làm_sao để không bị xoá đăng_ký thường_trú khi rời khỏi địa_phương lâu ngày ?
4e78e0cdca7e4971aa386ac467c4b641,Tốc_độ tối_đa xe_máy dưới 50cc kể từ ngày 15/10/2019
4c23af7d3276448198528614d1ea9a88,"Phạm_vi thực_hiện đăng_ký , lưu ký , bù_trừ chứng_khoán được quy_định như_thế_nào ?"
8c8583a7fc34fec006bdfe1f65670ab8,Định_biên an_toàn tối_thiểu đối_với một_số trường_hợp đặc_biệt của tàu_biển được quy_định như_thế_nào ?
b39feb68b5e03ec6d3866796b9c2e8e7,Tổ_chức hỗ_trợ khởi_nghiệp đổi_mới sáng_tạo là tổ_chức nào ?
58a09fa15699b6272d7154ab638bc361,Doanh_nghiệp cổ_phần_hoá được hiểu như_thế_nào ?
bdbcc5e2411f413f7a179594d88a5e92,Tự_ý di_chuyển vị_trí biển_báo “ khu_vực biên_giới ” bị phạt thế_nào ?
17d1eb958d6a406fb1d6c23b7d2a7493,"Xử_phạt cơ_sở khám , chữa bệnh không xác_định khuyết_tật bẩm_sinh đối_với trẻ_em sơ_sinh được quy_định như_thế_nào ?"
866c69dc805bb6a0fc76789ef837a01f,Thủ_tục đề_nghị khắc_phục thuốc được chữa bệnh bị thu_hồi được quy_định ra sao ?
7f2e14455587ee189e4653477a0941d2,Trường_hợp nào chạy xe_máy ban_ngày nhưng vẫn phải bật đèn xe ?
5a9165588679a4e03fc8172014747caf,Cho vay nợ không có công_chứng có_thể kiện được không ?
c5b8bf5ebc616ea04d9bcc098847e6e8,Yêu_cầu về nội_dung giáo_dục trung_học_phổ_thông ( cấp 3 ) được quy_định như_thế_nào ?
8546b9e99131313401c1c7d2e8079b1d,"Trách_nhiệm của Hội_đồng_nhân_dân cấp tỉnh trong hỗ_trợ phát_triển thuỷ_lợi nhỏ , thuỷ_lợi nội_đồng và tưới tiên_tiến , tiết_kiệm nước được quy_định như_thế_nào ?"
b54ad518d1aa6668450bc504106fe436,Doanh_nghiệp khởi_nghiệp đổi_mới sáng_tạo là doanh_nghiệp như_thế_nào ?
3e85ee96f6e4c40f5ca9b469114ffa3a,"Quy_định về việc ban_hành bản tin dự_báo , cảnh_báo nắng_nóng được quy_định như_thế_nào ?"
e2e66fe722aa922326e06d251118fd72,"Tài_xế xe ô_tô chở phế_thải không chạy đúng tuyến , phạm_vi , thời_gian quy_định có bị tước bằng lái không ?"
ce5ee01a20ab16c8e4dae6eb0c6caf02,Nguyên_tắc hỗ_trợ và sử_dụng kinh_phí từ nguồn NSNN cho hệ_sinh_thái khởi_nghiệp được quy_định như_thế_nào ?
ed81c19fa2ff34dd191f8f6875c425b8,Nhà_đầu_tư nước_ngoài tham_gia thị_trường_chứng_khoán Việt_Nam thế_nào ?
3293b47ded17e35eab25466a9b8079b8,Mức phạt khi điều_khiển xe ô_tô không lắp đủ bánh lốp theo nghị_định 100/2019 / NĐ-CP ?
e423b42292d82caf5d4d4e9e1619473d,Trường_hợp không xem_xét xác_nhận liệt_sĩ
516c599d17eb55486ce7da5bb586ba60,"Theo quy_định của pháp_luật , khoảnh rừng có diện_tích bao_nhiêu ?"
2eb6f779b247feb63f41a96ee902c9df,Hồ_sơ cấp lại giấy_phép hoạt_động cho cơ_sở KCB thuộc BQP được quy_định như_thế_nào ?
050dfcb6d120e12a81f6520d67bd93bc,"Thủ_tục đóng tạm_thời cảng_hàng_không , sân_bay được quy_định như_thế_nào ?"
5c31c77698687f5990464c76035a5915,Việc kiểm_tra chất_lượng thi_công đề_án đánh_giá khoáng_sản được quy_định như_thế_nào ?
8ee1edadeca5608a9983ba0934302766,"Mức phạt khi không có quy_trình quản_lý , vận_hành , khai_thác , bảo_trì đường_bộ theo quy_định"
7c1e0de8d2ced7912a8e482a40a218df,Thay_đổi thời_hạn thực_hiện dự_án có phải điều_chỉnh giấy chứng_nhận đăng_ký đầu_tư không ?
17fa4b65c97471951ec3c086fe953a97,Không thực_hiện các quy_định về phát bưu_gửi bị phạt bao_nhiêu ?
e0aec8cb9f64137c53d30ec4fdd111dd,Thẩm_quyền chịu trách_nhiệm về nội_dung của hồ_sơ thiết_kế kiến_trúc thuộc về ai ?
df7f9330f601d91bd22969f357c6c240,Thẩm_quyền quyết_định xét tặng danh_hiệu thi_đua khen_thưởng các đơn_vị thuộc Bộ quy_định thế_nào ?
b2ba459e9c0bcbf64e266e3c49903516,"Ứng_dụng công_nghệ_thông_tin trong công_tác thi_đua , khen_thưởng ngành y_tế được quy_định như_thế_nào ?"
e6b68cbf249679e19f5488387282f1fc,NSDLĐ được hỗ_trợ kinh_phí để khám bệnh_nghề_nghiệp cho NLĐ trong trường_hợp nào ?
d9c45954693e1d325b7aab5bc4acc765,Nam có cân nặng 49kg thì có đủ tiêu_chuẩn đăng_ký dự_tuyển vào trường công_an không ?
d23b9c922e830a47453937a3d84026ba,Hình_thức của báo_cáo và cách_thức gửi báo định_kỳ trong hoạt_động xuất_bản được quy_định như_thế_nào ?
914c93622bc33053f1f3a5baa51bda75,Trợ_cấp phục_viên một lần được tính như_thế_nào ?
0966cc350a8a3a343cc747d88c16568a,Mức phạt khi không thực_hiện đúng quy_trình để số_lượng xe ô_tô xếp_hàng chờ lớn hơn 150 xe đến 200 xe
5088b986f14eb276798af58ee04ba161,"Mức phạt khi tập_trung đông người trái_phép , nằm , ngồi trên đường_bộ gây cản_trở giao_thông"
b7b3016690d44635e71e060b4d406c83,Các trường_hợp được miễn chứng_từ chứng_nhận xuất_xứ hàng_hoá theo GSP ?
aa2a714d00de99332c5ad7fcbd9d47e8,Có được chứng_thực phụ_lục văn_bằng tốt_nghiệp đại_học không ?
015c371bb00adb874be4ae34a59b624f,Chạy xe_máy mà trong hơi thở hoặc máu có nồng_độ cồn thì mức phạt thấp nhất là bao_nhiêu ?
32a3669b55078143f7a88f9bb654abbc,"Việc thành_lập , chức_năng , nguyên_tắc làm_việc của Hội_đồng khoa_học chuyên_ngành đánh_giá hồ_sơ đăng_ký lưu_hành chế_phẩm sinh_học quy_định ra sao ?"
be81b738e73996709b393fd49e2af570,Đơn_vị sử_dụng giáo_viên có trách_nhiệm như_thế_nào trong việc nâng chuẩn trình_độ đào_tạo giáo_viên ?
675fd9e99fb6d09031122aa421da99f0,Cấp lại Giấy chứng_nhận dược_liệu đạt GACP trong trường_hợp bị mất hoặc hư_hỏng được quy_định như_thế_nào ?
763e72dbcb45b37f02351729537f6644,Quy_định về tiêu_chuẩn chuyên_môn của thợ kỹ_thuật điện trên tàu_biển được quy_định như_thế_nào ?
240743c398266247fb8236280e1fdcf5,Có bị xoá đăng_ký thường_trú nếu xin thôi quốc_tịch Việt_Nam ?
bd60d451deb63261ea68d1c94a71a438,"Thẩm_quyền lập biên_bản vi_phạm hành_chính trong lĩnh_vực văn_hoá , quảng_cáo được quy_định như_thế_nào ?"
c5be6b7e6d0745bf6057c6b4909b3ca5,Định_nghĩa tổng mức đầu_tư xây_dựng là gì ?
b25647f9b9805dd32cdc19e99128801a,Nếu không có CMND thì khám BHYT phải xuất_trình giấy_tờ gì ?
bc6b296c8495992794424aa8a415b376,"Hộ kinh_doanh vi_phạm hành_chính trong lĩnh_vực dầu_khí , kinh_doanh xăng_dầu và khí thì xử_phạt như_thế_nào ?"
aaa31193a9185bc7289a7ead99870a33,Phạt bao_nhiêu khi chạy xe_máy bị bắn_tốc_độ 18 km/h ?
7208147e9648e93cca3818798973cb9b,Chức_năng cung_cấp thông_tin của lãnh dự danh_dự được quy_định như_thế_nào ?
529605400967cc69572c458232840ca2,Học trung_cấp dược có được làm người giới_thiệu thuốc ?
b778277c7d7f95ae3e517423781cf8ed,Dừng xe_máy trên phần đường xe chạy ở đoạn đường ngoài đô_thị nơi có lề_đường bị phạt bao_nhiêu ?
9732dac81080cedb8dcd9f242984b993,Mức phạt khi lùi xe ô_tô trong hầm đường_bộ
00c7583140aad533cb7d0d5a0dac9155,"Quy_mô hội_chợ , triển_lãm quốc_tế tại Việt_Nam cho sản_phẩm của doanh_nghiệp nước_ngoài có nhu_cầu nhập_khẩu từ Việt_Nam được quy_định như_thế_nào ạ ?"
1c2440dd33f3beda7441f010eccc6eb8,"Thời_hạn điều_tra lại các vụ tai_nạn lao_động , bệnh_nghề_nghiệp bao_lâu ?"
153f6d535477be696393de2b0c12df20,Chính_sách đối_với người lao_động dôi_dư khi chuyển đơn_vị sự_nghiệp công_lập thành công_ty cổ_phần được quy_định như_thế_nào ?
ad17a5ac55d4b12bb807f0b3e66dd709,"Cấp giấy chứng_nhận sử_dụng , chứng_chỉ quản_lý vũ_khí , vật_liệu nổ quân_dụng , công_cụ hỗ_trợ được quy_định như_thế_nào ?"
00c70a6019962d51d32d96622daa64b6,Thời_gian tạm_trú là 02 tháng thì có được đi bầu_cử Đại_biểu HĐND cấp huyện nơi tạm_trú không ?
9b381781f0a818bc450723e2826fac5c,"Người nào có quyền tố_cáo hành_vi vi_phạm của cán_bộ , chiến_sĩ Công_an khi thực_hiện nhiệm_vụ ?"
bcf45bd9659baa0d66ae7b950072d778,Kiểm_sát_viên vắng_mặt thì phiên_toà xét_xử phúc_thẩm vụ án hành_chính có được tiếp_tục không ?
421714d36fce14cb42b181e171f72225,Sở Tài_nguyên và Môi_trường thu phí bảo_vệ môi_trường đối_với nước_thải của những đối_tượng nào ?
a963d464e3efc912b9f4d5de090e26f5,"Phương_thức làm_việc của Hội_đồng xác_định đề_tài , dự_án sản_xuất thử_nghiệm cấp Bộ Y_tế được quy_định như_thế_nào ?"
5857a872dcd2b46d64b7558518ab2b07,Mỗi toà_án được ký hợp_đồng dịch_vụ tống_đạt với bao_nhiêu Văn_phòng Thừa phát lại ?
4fd1454c6813ea64fa3818ca3b48e3a6,Hồ_sơ dự_án khuyến_nông được tiếp_nhận ra sao ?
87af3c9392bc6c7c85252bdc4fd68747,02 đối_tượng hưởng giá cước dịch_vụ viễn_thông công_ích khẩn_cấp được quy_định như_thế_nào ?
de09371060c22dcb67a181cd60c82b0e,Mức phạt khi điều_khiển xe_kéo rơ moóc kéo thêm xe khác là bao_nhiêu ?
0f33bd2e24cadf85ca45467146976a25,Thời_hạn báo_cáo thống_kê ngành tài_chính được quy_định như_thế_nào ?
abc2bbd82ea12a207ede579e725140e5,"Theo quy_định pháp_luật , mẫu_vật các loài động_vật , thực_vật hoang_dã nguy_cấp bao_gồm những gì ?"
7b541d3d650a92aaeb21c17cefe74602,Mức xử_phạt đối_với hành_vi không đăng_ký thay_đổi nội_dung đăng_ký hành_nghề luật_sư với CQNN là bao_nhiêu ?
06506374409bcab7e71028a6fc6d8106,"Bảo_vệ bí_mật nhà_nước ngành văn_hoá , thể_thao , du_lịch trong thông_tin liên_lạc và thông_tin_đại_chúng được quy_định như_thế_nào ?"
c29ce077fd23d82056b776c48d8fa62d,Quỹ_Tích luỹ trả nợ mua trái_phiếu Chính_phủ được quy_định như_thế_nào ?
82ac1f025c9d1d815d5740c54d06f6f0,Quan_hệ giữa Đoàn thanh_tra với người ra quyết_định thanh_tra được quy_định như_thế_nào ?
a6f164cc19e193abe5f0323c807081be,Ứng_dụng công_nghệ_thông_tin trong việc cung_cấp thông_tin được quy_định như_thế_nào ?
f781aba8f899d9e55def28224dd1bc9b,Đốt vàng_mã có bị cấm không và mức xử_lý đối_với hành_vi này ?
e492714e89c323c3da653b430dac254d,Người được hưởng án_treo có được rút hết thời_gian thử_thách không ?
318fdc92b55592e073991f9fd78bedbc,"Làm mất tính_năng , tác_dụng của vũ_khí , công_cụ hỗ_trợ là gì ?"
539cdd0d63e712c30aa9c9ac67b0d22a,"Hệ_thống đào_tạo từ xa , tự học có hướng_dẫn của cơ_sở đào_tạo nghề_nghiệp gồm những gì ?"
78d8d26a82de7006023acc72d3f62710,Việc nộp tiền ký_quỹ đối_với doanh_nghiệp hoạt_động dịch_vụ việc_làm được quy_định như_thế_nào ?
2975385f5935a17954dcab9ccc296b01,Ai có trách_nhiệm nộp lệ_phí cấp giấy_phép nhập_khẩu xuất_bản_phẩm không kinh_doanh ?
42d484727cd29b992647804b84be568b,Mức phạt khi điều_khiển xe ô_tô không chú_ý quan_sát gây tai_nạn giao_thông
9a6236defce2934e46a85e5d4c0e663b,Đấu_thầu hạn_chế trong lựa_chọn nhà_cung_cấp thuốc được quy_định như_thế_nào ?
e818867b9355c9b17d65d89cbe6fde0b,Thoả_thuận về bảo_lãnh được quy_định như_thế_nào ?
ca2dd6b187d41097eea9c5145f0bef93,Có được thuê nhà ở tái định_cư khi bị thu_hồi đất làm đường liên tỉnh hay không ?
0e96227cfe8502a39d8eda2cc880d204,Trách_nhiệm của Cục Đường_thuỷ nội_địa Việt_Nam đối_với nạo_vét vùng nước đường_thuỷ nội_địa kết_hợp thu_hồi sản_phẩm được quy_định như_thế_nào ?
0aba4441497f8b184bb9ddfcf57c08ce,"Điều_khiển xe mô_tô , xe_gắn_máy không có còi bị phạt bao_nhiêu theo nghị_định 100/2019 / NĐ-CP ?"
0bb8e8fe1fbf4ef709266c0e93fd249b,Công_an xã có thẩm_quyền giải_quyết khiếu_nại đối_với hành_vi trái pháp_luật liên_quan đến thi_hành án hình_sự hay không ?
fa136cd9273727e1f693b8325bd635cc,Điều_kiện người nước_ngoài quá_cảnh được vào VN du_lịch và doanh_nghiệp được tổ_chức cho người nước_ngoài quá_cảnh du_lịch VN được quy_định như_thế_nào ?
4f30d50e031ecdaf6a58745e56ec10d8,"Trách_nhiệm của hội_đồng xác_định giá bán tài_sản trên đất , chuyển_nhượng quyền sử_dụng đất theo hình_thức chỉ_định được quy_định như_thế_nào ?"
090882131e28c0efed5d151e49a7e66c,Cấp giấy chứng_nhận quyền sử_dụng đất đối_với quỹ đất đã giải_phóng mặt_bằng thanh_toán cho dự_án BT được quy_định như_thế_nào ?
2ba3c2f3f6b0a79bfb8abc6ea32b6977,Cha_mẹ có được đòi lại nhà_cửa khi đã tặng cho con ?
595bafd9a82547c3200ff8b04aaacdbc,Nguồn kinh_phí thực_hiện nhiệm_vụ tiếp_nhận viện_trợ quốc_tế khẩn_cấp để cứu_trợ và khắc_phục hậu_quả thiên_tai được quy_định như_thế_nào ?
c7c3a01837a73982b17937c0062e0e40,"Nhiệm_vụ của chỉ_huy trưởng chỉ_huy quân_sự bộ , ngành trung_ương trong công_tác quốc_phòng được quy_định như_thế_nào ?"
7ea9dad94f302bb4f801c7e4826de555,Xử_lý trường_hợp hết thời_hạn đăng_ký thực_hiện dự_án đầu_tư có sử_dụng đất mà không có nhà_đầu_tư nào nộp hồ_sơ đăng_ký được quy_định như_thế_nào ?
bb82be461b978c0189ee05a9091a360d,Mức phạt khi điều_khiển xe ô_tô gây tai_nạn giao_thông không dừng lại được quy_định như_thế_nào ?
5a86cb1005b80737e3227fb2eae4f287,Trách_nhiệm cung_cấp thông_tin liên_quan đến tình_hình sử_dụng lao_động của giám_đốc doanh_nghiệp được quy_định như_thế_nào ?
d1e06a8c9995bab2d819abbc1650e4fc,"Quân_nhân chuyên_nghiệp nghỉ_phép , thời_gian đi đường tính vào ngày phép không ?"
4efa7729c8222e9353e60a36ccaec407,Chánh_án Toà_án nhân_dân cấp huyện có thẩm_quyền giải_quyết khiếu_nại đối_với trường_hợp nào ?
c7aae7222056e37bccfd897df1bc275f,Thời_hạn để thực_hiện đăng_ký giao_dịch cổ_phiếu trên hệ_thống giao_dịch UPCOM quy_định như_thế_nào ?
eb7fbc1294ab2f26659838c99e7d4b67,Chính_sách bệnh_binh được giải_quyết ra sao ?
d63ecd07d2f7785ab27536d3e7c55255,Trách_nhiệm của Uỷ_ban_nhân_dân cấp tỉnh nơi có vị_trí nguy_hiểm an_toàn giao_thông đường_sắt được quy_định như_thế_nào ?
a349d1974df7cc472ac2c95352541a2c,"Mức phạt nếu không thực_hiện quy_định về việc thay_đổi họ tên , địa_chỉ người nhận hoặc rút lại bưu_gửi được quy_định như_thế_nào ?"
14b3b09fc368317699a66890364bb403,“ Huân_chương Chiến_công ” hạng nhất thì nhận được bao_nhiêu tiền thưởng ?
c3751118de4c0645cf54a49a10521a38,Mức xử_phạt khi tổ_chức quan_trắc không báo_cáo kết_quả hoạt_động hằng năm cho cơ_quan có thẩm_quyền được quy_định như_thế_nào ?
bbe77e4542d3159e931762d730ac3cac,Bến khách ngang sông được định_nghĩa như_thế_nào ?
d4ffffae86f0fc243911c361efce9a0b,Thời_điểm nào thành_viên hợp danh mới rút được vốn khỏi công_ty ?
87da73f990afcf895808719b6c9bb4b1,Trách_nhiệm báo_cáo và công_bố thông_tin của thành_viên Hội_đồng_quản_trị công_ty đại_chúng được quy_định như_thế_nào ?
710cddd29ec26048b18a2e3050d327ac,Công_dân ở nước_ngoài về Việt_Nam có được đi bầu_cử không ?
4aca1049925abfba9a0a0aab8ec19293,Trách_nhiệm của Phòng Giáo_dục và Đào_tạo về việc lựa_chọn SGK được quy_định như_thế_nào ?
64ca7d60cce9943838399ad13922cfe0,Quy_định về điều_kiện cấp Giấy chứng_nhận khả_năng chuyên_môn thợ kỹ_thuật điện được quy_định như_thế_nào ?
9dc9a96b4eb786f179c2b65efc5f7d4a,Lựa_chọn áp_dụng hệ_thống tài_khoản kế_toán theo Luật Kế_toán 2003 được quy_định như_thế_nào ?
8db8ecec0b6a2cae3718642bfaaeb87c,Cơ_sở giáo_dục có trách_nhiệm gì đối_với chế_độ cử_tuyển ?
98d8dd76cf027548da8ff26fe8c386c9,Thủ_tục thay_đổi đăng_ký giao_dịch cổ_phiếu trên Upcom được quy_định như_thế_nào ?
c0eb4646e39857d61556558b84448911,Thẩm_quyền bổ_nhiệm Phó Thủ_trưởng cơ_quan quản_lý thi_hành án hình_sự thuộc Bộ Công_an được quy_định như_thế_nào ?
b4ad5303fbd84c204f5293f080bc6f3b,Bộ_trưởng BQP có trách_nhiệm gì trong trong việc tổ_chức phong_trào thi_đua của Dân_quân_tự_vệ được quy_định như_thế_nào ?
b712bff33b131e0ba8f2d18746a86769,Ban_hành Chương_trình xây_dựng văn_bản quy_phạm_pháp_luật của Bộ Công_Thương được quy_định như_thế_nào ?
2df7fb8beadbf9f020612c48af06d232,"Quy_định về thẩm_quyền cấp gia_hạn , điều_chỉnh giấy_phép khai_thác nước dưới mặt_đất được quy_định như_thế_nào ?"
1a3e6f3530596b0921f54e65ebd20004,Người bị bị tuyên_bố chết quay về có được đòi tài_sản đã chia rồi không ?
4a72ff7d63653568fb910b8cf69ec3a3,Phạt tiền nếu không thực_hiện đúng về trưng_bày thuốc_lá ?
7843cb0b8ca464225d4976cdfa5bddc8,Tên địa_điểm kinh_doanh bắt_buộc phải có cụm_từ “ Địa_điểm kinh_doanh ” không ?
d97142b6fdb9f07251f43cac696b9df3,Xe ô_tô không giảm tốc_độ và nhường đường khi điều_khiển xe chạy từ trong ngõ sẽ bị xử_phạt bao_nhiêu ?
78e35edafce8a213386020732a8d0970,Mức phạt nếu thi_công công_trình trên đường đô_thị không thực_hiện theo phương_án thi_công
6fa97dca6a6f351e2fa8429e1c572983,"Việc đánh_giá chất_lượng tài_liệu hải_văn , môi_trường không_khí và nước có cách tính điểm trừ như_thế_nào ?"
1b5e219ad02f651a58e75c70970388c9,"Tài_xế xe_khách để người lên , xuống xe khi xe đang chạy bị phạt bao_nhiêu tiền ?"
bba7002f6e7e294ab50c26ea55b6415e,Thông_tin giá thị_trường của các yếu_tố đầu_vào để xác_định chỉ_số giá xây_dựng phải thoả_mãn yêu_cầu gì ?
0e07b597234565242f3608de2042ec6a,Ai có thẩm_quyền xác_minh thông_tin về tài_sản của pháp_nhân thương_mại để kê_biên ?
5d384b8675328187f6702c0739438797,03 cấp_độ an_ninh cảng thuỷ nội_địa tiếp_nhận phương_tiện thuỷ nước_ngoài là gì ?
88c0c1b84e393951eb8aab88d1b50a5f,"Theo quy_định trong lĩnh_vực đo_lường , lượng danh_định ( Qr ) là gì ?"
39af9fed1f9d7986fb6fb6f9893d48c1,Một_số điều_kiện được trở_lại quốc_tịch Việt_Nam
882f6f03f17213a453677a46220c6222,Nhà_cung_cấp có trách_nhiệm gì đối_với dịch_vụ thu phí điện_tử không dừng ?
a1bf99b61f76f3de6f16efa6824da673,"Ngừng , giảm mức cung_cấp điện không khẩn_cấp trong những trường_hợp nào ?"
8d04380623dc706fe551a864d7b503ff,Mức phạt hành_vi điều_khiển xe_máy vào ban_đêm mà không bật đèn
9393fb33a2c5ed09f8a442817e844dc2,Thực_hành tốt sản_xuất thuốc là gì ?
c7c9fe804d1dcc7698dfee4f00a1cfac,"Thực_hiện kiểm_tra , giám_sát như_thế_nào đối_với phương_tiện vận_tải , người , hành_lý xuất_nhập_cảnh trong hoạt_động nghiệp_vụ hải_quan ?"
3f0e53bbfb0eba76e04745a2506eb3ae,Lâm_phần tuyển_chọn là gì ?
c9d6b45c2c8fc4a8b244fad9f71207b1,Phương_pháp đánh_giá về tài_chính - thương_mại đối_với hồ_sơ dự_thầu dự_án đầu_tư có sử_dụng đất được quy_định như_thế_nào ?
c67c46a9cd55064f14bd512e127eeebc,"Yêu_cầu về nội_dung đánh_giá nằm ngửa gập bụng của học_sinh , sinh_viên được quy_định như_thế_nào ?"
74acadc03aff3a716552f266868d599a,Phương_tiện bị người vi_phạm sử_dụng trái_phép trong lĩnh_vực lâm_nghiệp là gì ?
670d586081257e645afcb1d8110cbd0e,Viên_chức mất chứng_chỉ bồi_dưỡng thì có được cấp lại không ?
e1ddbd55f08cb7a85a9226f5da9fcd43,Những hợp_đồng nào được xem là hợp_đồng bảo_đảm ?
220cdb19d334a41add9fb9afaf31a319,Không thông_báo cơ_quan thẩm_quyền sau khi được lựa_chọn thực_hiện đề_án quy_hoạch tài_nguyên nước bị phạt thế_nào ?
41d9e87b8c46a625ce5df72a03d580c2,"Chỉnh_lý , bổ_sung số_liệu trong báo_cáo thống_kê ngành tư_pháp theo quy_định mới được quy_định như_thế_nào ?"
f20b587bad2940f9fc99f8f264c7f9d0,Trình_tự ký hợp_đồng cung_cấp dịch_vụ hoá_đơn điện_tử có mã của cơ_quan thuế được quy_định như_thế_nào ?
b99998cd09993202d452be4372167247,Người chấp_hành biện_pháp bắt_buộc chữa bệnh sẽ chữa bệnh ở đâu ?
eba82d65652526317edc06d7363af771,"Đi xe_máy bấm còi , rú ga liên_tục trong đô_thị khu dân_cư bị phạt bao_nhiêu ?"
4fa97766b3f4f8da50226bd3eff42760,Cha_mẹ ép_buộc con gái ly_hôn bị phạt hành_chính bao_nhiêu tiền ?
87eb39f8ff392e01353e458db99c1b18,Khu công_nghiệp sinh_thái là gì ?
cd83ca2aaaf25538f90e8d2af779fd70,Chi hỗ_trợ trang cấp ban_đầu gồm những khoản nào khi chi cho đối_tượng lưu_học_sinh ?
5cfabfd55f5dc66b95e51d1cd92d0c9a,"Mức phạt khi dựng cổng ra_vào , tường rào các loại , công_trình khác trái_phép trong phạm_vi đất dành cho đường_bộ"
3b9b6d4250da9bfca1153a568c77b1e2,"Trách_nhiệm quản_lý , sử_dụng , cung_cấp thông_tin , tài_liệu kế_toán theo Luật Kế_toán 2003 được quy_định như_thế_nào ?"
b5f62c2eef4b34de0f9f5105674afd96,Mức xử_phạt mới nhất đối_với hành_vi không mang theo hoặc sử_dụng bảo_hiểm xe hết hiệu_lực
742cb6ffa72e3d347d236aa903656930,Chuyển tiền thu từ chuyển_nhượng vốn nhà_nước được quy_định như_thế_nào ?
e37cd0a4a27edd7363544a822fdbe811,Phạt 20 triệu đồng đối_với hành_vi ném gạch_đá vào Quốc môn được quy_định như_thế_nào ?
dfa9711d08199222cb7bdbd1e93f8112,Quy_định việc thông_báo cho Bộ Công_an kết_quả giải_quyết các việc về quốc_tịch
af00ddc502338c73fcc481f27edd2b4b,"Luật thư_viện 2019 quy_định mới về việc sáp_nhập , hợp_nhất , chia , tách , giải_thể thư_viện thế_nào ?"
2297476383fbf207599a436fb6f15efa,Mức phạt đối_với hành_vi điều_khiển xe ô_tô sử_dụng Giấy đăng_ký xe đã hết hạn sử_dụng
eb16572df726554054bfa3ff6cbe4226,Điều_khiển xe ô_tô không có dụng_cụ thoát hiểm bị phạt bao_nhiêu theo nghị_định 100 ?
75880f9d0b3a1aab8a97ff4ca2672194,Những_ai được miễn thi thực_hành kỹ_năng quân_sự ?
d54792049ec08a9c46d5a4c4023e8979,"Chi_phí bồi_dưỡng bắt_buộc về chuyên_môn , nghiệp_vụ của luật_sư được quy_định như_thế_nào ?"
f059cfde0d6fef97e5558d915040d27f,Phân_loại công_trình kiến_trúc có giá_trị được quy_định như_thế_nào ?
71caa971e4afc3a56d5e10c833c5f675,Quỹ đại_chúng được thành_lập khi đáp_ứng điều_kiện nào ?
3e1e505b19fbcf4d8431935419a51de1,Trọng_tải cất_cánh tối_đa ( MTOW ) được hiểu như_thế_nào ?
7fd3da22184cc99f8a48d591f7663d5d,"Việc lập , thẩm_định chương_trình khắc_phục hậu_quả bom_mìn vật nổ sau chiến_tranh được quy_định như_thế_nào ?"
4fe6d45b402a71a9fcf71c6ff7e55a35,Trách_nhiệm của gia_đình trong giáo_dục được quy_định như_thế_nào ?
9b1f4f545dd1e6c638672f58b704b29e,"Thủ_tục cấp đổi , cấp lại giấy chứng_nhận đăng_ký xe , biển số xe được quy_định như_thế_nào ?"
393bd1a850d825aaf4a9cec1444048e9,Trách_nhiệm của người vi_phạm khi bị bị xử_lý kỷ_luật trong quốc_phòng được quy_định như_thế_nào ?
a66cf4326d4358fd4ef69aeecaa9f67d,"Cơ_quan có quyền giám_sát , kiểm_tra việc thực_hiện Dự_án sân gôn ?"
93096fd6861b8fb6bd2acb7e13399c49,Hiệu_lực pháp_lý của di_chúc miệng khi người lập di_chúc phục_hồi sức_khoẻ ?
f748149c6b27afd43134a8c0be2adad8,"Quy_định về việc quản_lý , bảo_vệ cơ_sở_dữ_liệu về thi_hành án hình_sự được quy_định như_thế_nào ?"
15455d0d0757e1f0b630e5fded2eaf75,Công_bố điều_ước quốc_tế được quy_định như_thế_nào ?
2cbf8d6cb33711d6b20fc125506a6a82,"Không nhường đường theo quy_định , không báo_hiệu bằng tay khi chuyển_hướng bị phạt tiền thế_nào ?"
0eff217633d10c32db20512c5d2c2764,Lãi_suất công_cụ nợ của Chính_phủ được quy_định như_thế_nào ?
12cb8b3534bbc346e00126e45704b4fe,Trách_nhiệm của Ngân_hàng Nhà_nước về quản_lý và phát_triển công_nghiệp an_ninh được quy_định như_thế_nào ?
f22064e86de9b1b472ffd4cb685b192c,Mức xử_phạt đối_với hành_vi kiểm_định kỹ_thuật an_toàn_lao_động khi không có Giấy chứng_nhận đủ điều_kiện hoạt_động kiểm_định được quy_định như_thế_nào ?
464ea3f06e73b984106884a57fe97fbe,Mức phạt khi nằm trên yên xe điều_khiển xe_máy mà không chấp_hành hiệu_lệnh dừng xe được quy_định như_thế_nào ?
4900e2171964bbb8400bec1c12f65bcc,"Thời_hạn của chứng_chỉ quản_lý vũ_khí , vật_liệu nổ quân_dụng , công_cụ hỗ_trợ được quy_định như_thế_nào ?"
b8b37b578a6ab9b06113483dfc0b04e5,Triển_lãm không vì mục_đích thương_mại là gì ?
51ce6df07afa1773ed76b182e5e58ff4,Đối_tượng được bổ_nhiệm Phó Thủ_trưởng cơ_quan thi_hành án hình_sự Công_an cấp huyện được quy_định như_thế_nào ?
f24954fb0874214f21fbe8e07250b3d9,"Lập kế_hoạch kiểm_tra , thẩm_định , nghiệm_thu chất_lượng sản_phẩm đo_đạc và bản_đồ được quy_định như_thế_nào ?"
0637bf82c8b290c7875c5bfddbf91df5,Công_an xã xử_phạt lỗi không mang bằng lái_xe có đúng không ?
d92b6c795717fc7eff7f0de62cbfdef8,Cơ_quan nào cấp Giấy_phép nhập_khẩu sản_phẩm an_toàn thông_tin mạng ?
8f64f6b89872999169636d9a7dfd9201,"Chế_độ , chính_sách đối_với giáo_viên và cán_bộ làm nhiệm_vụ dạy văn_hoá , giáo_dục pháp_luật , giáo_dục công_dân cho phạm_nhân được quy_định như_thế_nào ?"
7504e42a3c79eea37b7e241def96f4d6,"Cơ_sở của việc đàm_phán , hoàn_thiện hợp_đồng đối_với dự_án PPP được quy_định như_thế_nào ?"
b89c0ad1d9590aa47563f61f9a36809e,"Quy_định việc thẩm_định , đánh_giá kiến_thức về ATTP đối_với cơ_sở sản_xuất , kinh_doanh thực_phẩm nông , lâm thuỷ_sản được quy_định như_thế_nào ?"
77515164d4ac5670f26e8bbdc7fc04ee,Quy_định về hồ_sơ cấp lại Quyết_định công_nhận tổ_chức khảo_nghiệm giống cây_trồng
26e8a33e5338974dd890c901681c40fe,"Mức phạt nếu thực_hiện không đúng , không đầy_đủ các biện_pháp bảo_đảm an_toàn , an_ninh trong cung_ứng dịch_vụ bưu_chính được quy_định như_thế_nào ?"
186f33210cfd1f6761cec8de0836c335,Cảnh_giới trong hoạt_động giao_thông đường_sắt là gì ?
ce4d950d75b32bd6eac6901835692337,"Quản_lý và sử_dụng Quỹ_Thi đua , Khen_thưởng ngành Văn_hoá , Thể_thao và Du_lịch được quy_định như_thế_nào ?"
c3cb4bfbfa4624d8242df16623635cba,Sĩ_quan nghỉ_việc theo chế_độ bệnh_binh được hưởng các chế_độ nào ?
1d4d97918d405787a4183231832dc6ac,"Quy_định về mức chi cho cộng_tác_viên tham_gia triển_khai sáng_kiến , mô_hình cộng_đồng sức_khoẻ hạn_chế sử_dụng rượu , bia được quy_định như_thế_nào ?"
f5dfd99c3f09952b712ffb3d0f8ec845,Kế_hoạch an_ninh cảng thuỷ nội_địa tiếp_nhận phương_tiện thuỷ nước_ngoài được quy_định như_thế_nào ?
0fa6eb5aa91fe91765aee11ff4c1b153,Trường_hợp nào phải thành_lập hội_đồng giám_định tư_pháp trong lĩnh_vực nông_nghiệp và phát_triển nông_thôn ?
31ef978f9aca4551a9d7a65561f789ab,Máy_móc như_thế_nào được hiểu là máy_móc đã qua sử_dụng ?
6c3abc133156fcfdeba19c2739ba735e,Mức phạt khi thay_đổi bộ_phận giảm thanh của xe_máy ?
cb3e1553d67dc4c6c92121136f0a23ae,Có được cho thuê ô_tô đang bị thế_chấp cho ngân_hàng không ?
255de4ba33ad3f9542a1009957b352f6,Trái_phiếu ngoại_tệ là gì ?
49d1d7329c8c9b79c8921b39506ecef3,Trại_giam phải tổ_chức nhà_trẻ ?
d1d30b6284025f07b0d5ad903e190d96,Cơ_sở sản_xuất thuốc gồm những cơ_sở nào ?
79b7fd69eb0aefb615c518a2e0f337e0,Người lao_động có quyền nộp đơn yêu_cầu mở thủ_tục phá_sản không ?
4eaadd8b72e4d5ca9de3280306c06250,Kinh_phí xây_dựng định_mức kinh_tế - kỹ_thuật ngành tài_nguyên và môi_trường lấy từ đâu ?
d7b18e7056bf84902f37c99e56c1200f,Thể_hiện không đúng hoặc không đầy_đủ nội_dung trong chứng_từ xác_nhận việc chấp_nhận bưu_gửi bị phạt bao_nhiêu tiền ?
2a3c1bf1e33a72325f2495f6faa4a5de,Chủ đầu_tư có thẩm_quyền điều_tra về sự_cố máy_móc trong công_trình xây_dựng không ?
c139de149a1a91dcbe97207bb02b632b,"Chủ đầu_tư có trách_nhiệm gì khi lập hồ_sơ sự_cố về máy , thiết_bị ?"
bfdbd9f28062bb9c71a71722bc83c8f0,Việc đăng_ký chữ_ký mẫu đối_với cộng_tác_viên dịch_thuật của Phòng Tư_pháp được quy_định như_thế_nào ?
88417ec39b2b472c70c7723d75c845a0,"Mức phạt tự_ý tháo , mở làm hư_hỏng nắp cống , nắp ga các công_trình ngầm , hệ_thống tuy nen trên đường giao_thông"
7994c0fb7dc0fa2a91d04ef389adf928,"Quy_định về nguyên_tắc phân_loại , đánh_giá hợp_tác_xã được quy_định như_thế_nào ?"
b348181460d1d58a8317fb534ccd9673,Chiếm_đoạt tài_sản riêng của thành_viên gia_đình bị xử_lý ra sao ?
4d2feaffe27fc3e3b36c87eb246f9584,Tiêu_chí công_nhận nguồn giống cây_trồng lâm_nghiệp theo quy_định hiện_hành
b7a5403401b0b8453a8791a06be5f765,"Không xin cấp lại giấy_phép hoạt_động bị mất , câu_lạc_bộ bóng_đá bị xử_lý ra sao ?"
555d0ca37ccd267c466f25f0bd72bcf8,Đứng trên yên xe_máy thì bị phạt bao_nhiêu tiền ?
c22c23b0f74b6dd20511f37959dfd997,Nguyên_tắc phê_duyệt đề_án thuộc Chương_trình cấp quốc_gia về xúc_tiến thương_mại được quy_định như_thế_nào ?
9d5601c89ee731cf7eed907a3219596b,Xác_nhận hoàn_thành việc bảo_hành công_trình xây_dựng được quy_định như_thế_nào ?
9f80d0a30340c2f7fb2e0fecabcd5fb7,"Từ năm 2020 , con muốn theo mẹ vào trại giạm phải đáp_ứng điều_kiện gì ?"
575caeab1dfa210f713466fe0c4915b7,"Trường_hợp quỹ đầu_tư chứng_khoán bị định_giá cao , mức đền_bù cho nhà_đầu_tư được quy_định như_thế_nào ?"
a158eb9cbec840f3886590ad3e50fe7b,"Điều_kiện về nhà_xưởng , trang_thiết_bị của cơ_sở sản_xuất thức_ăn , sản_phẩm xử_lý môi_trường nuôi_trồng thuỷ_sản được quy_định như_thế_nào ?"
81bbe5b7e752a489a2613b50ffce06c6,Giao_dịch chứng_khoán phái_sinh được quy_định như_thế_nào ?
a2df4dba2beecd0e76861003ba740f62,Những hạn_chế đối_với ngân_hàng giám_sát trong hoạt_động chứng_khoán được quy_định như_thế_nào ?
b1d8390f3a99670711ee50ea1de18962,Nội_dung quy_hoạch nông_thôn mới giai_đoạn 2016-2020 được quy_định như_thế_nào ?
fa27f4ffb905ed5911edc0c067a4d376,Mức phạt khi nhân_viên phục_vụ xe_khách cho hành_khách xuống xe để trốn_tránh sự kiểm_tra là bao_nhiêu ?
50a4960806c8c9e9868998a7392ba055,Người được chở trên xe ô_tô không thắt dây an_toàn bị phạt bao_nhiêu theo Nghị_định 100/2019 / NĐ-CP ?
2afea25df17efda74a7d6557329b7825,Thời_gian_thực hành KBC đa_khoa phải học đạo_đức hành_nghề bao_nhiêu tiết ?
70b3d3334a801e491996db8de5a6753f,Tài_xế ô_tô vận_chuyển hàng nguy_hiểm không có giấy_phép bị phạt 3 triệu có đúng không ?
41db27ea8cc925d5624b805f13ecc1cb,Có phải tất_cả trường_hợp vận_chuyển nguồn phóng_xạ đều phải có người phụ_trách ứng_phó sự_cố không ?
0870cda934e343e6bd6e52b5cb4c7433,Nộp thủ thục hành_chính về giống cây_trồng và canh_tác như_thế_nào ?
117baa94eb7eb0ba4c88e563edcea547,Nguyên_đơn vắng_mặt tại phiên họp giải_quyết tranh_chấp trong tố_tụng trọng_tài xử_lý thế_nào ?
8a60d491d419132f473bca752e41b422,"Mục_đích xây_dựng , thực_hiện hương_ước , quy_ước là gì ?"
11f7688abb848aad1f19a3107a95f88d,"Mức thu lệ_phí công_bố hợp chuẩn , hợp quy năm 2019 được quy_định như_thế_nào ?"
7fb3d04cdd3b66f704633df878048626,Bắt_buộc có bao_nhiêu cổ_đông sáng_lập công_ty cổ_phần ?
5ad1933639e8e0dbbeb1babc3260a556,Mức thu phí tham_quan bảo_tàng dân_tộc Việt_Nam đối_với người_lớn được quy_định như_thế_nào ?
7d4ac816dd3b083c4142034ab4f92ba1,Mức phạt khi điều_khiển xe ô_tô chạy ở làn khẩn_cấp trên đường_cao_tốc
7391ec6b0b06e38d1d9b6f449a171a67,16 tuổi có được tự mình mua xe_máy không ?
576dce39638368e6c585cfec72b5265f,Biên_độ dao_động giá trong giao_dịch cổ_phiếu niêm_yết được quy_định như_thế_nào ?
78d88ed42999d203afeb2c6142ee0ac8,Công_ty quản_lý quỹ có được sử_dụng vốn và tài_sản của quỹ để cho vay hay không ?
201fd2c207f334007fb2b805bc9d6d4a,"Sở_hữu kết_quả nghiên_cứu đề_tài , dự_án sản_xuất thử_nghiệm cấp Bộ Y_tế được quy_định như_thế_nào ?"
7fcdb198e39008a3a026d89be583bdbc,Hạng_mục khắc_phục hậu_quả bom_mìn vật nổ sau chiến_tranh trong thành_phần dự_án đầu_tư là gì ?
b186be737a2b0740a1a7b36900766c86,"Phòng Nông_nghiệp có được thu phí , lệ_phí thú_y không ?"
eb8cf02cd39b27c4442eb8720757741d,Khám bệnh ở trạm y_tế xã được hưởng BHYT như_thế_nào ?
82cb3b90ebfca3aca8b6b886715bf587,Hợp_đồng bảo_hiểm chuyển_nhượng được không ?
ffec54b86f95f9af3451a77b61ba73a1,Trong ứng_dụng CNTT thời_gian phê_duyệt đề_cương và dự_toán chi_tiết được quy_định như_thế_nào ?
83ed076e0e2e1920835de0eb0478ab9f,"Quy_định về hồ_sơ nhập_khẩu thức_ăn chăn_nuôi để giới_thiệu tại hội_chợ , triển_lãm"
df8d18ee8d683064dfb425cb6086c160,Công_tác trong lực_lượng công_an nhân_dân có được cộng nối thời_gian tham_gia BHXH không ?
37d27d9b4becd7964f93372f1077a78e,Việc tặng sim miễn_phí có vi_phạm pháp_luật
23e48924feb798c14e2faa94a97e15e4,"Chế_độ thông_tin , báo_cáo của Quỹ bảo_lãnh tín_dụng năm 2019 được quy_định như_thế_nào ?"
74e8f287e50e16191d4ad77a20f4fccd,DN đấu_giá thay_đổi về tên gọi mà gửi giấy đề_nghị không đúng hạn phạt bao_nhiêu ?
ab2095272c174f566f4e88450896e46c,"Thời_hiệu xử_phạt trong lĩnh_vực quản_lý , sử_dụng tài_sản công được quy_định như_thế_nào ?"
f4be3e6a3c48c246c479815bc68aaec0,Tiêu_chuẩn về trình_độ đào_tạo của giáo_viên THPT hạng II được quy_định như_thế_nào ?
ef193f683a8deb99d7216e770f8579e6,"Điều_khiển xe_máy kéo , xe chuyên_dùng gắn biển số không rõ chữ bị phạt bao_nhiêu theo nghị_định 100/2019 / NĐ-CP ?"
1aecc2aef697485e3252d35ac8973904,"Hương_ước , quy_ước có giá_trị thi_hành kể từ khi nào ?"
e2a9b16d896e17c8bcc4df9a47d46006,"Trách_nhiệm của Nhà_nước và cơ_sở giáo_dục trong việc đào_tạo , bồi_dưỡng nhà_giáo được quy_định như_thế_nào ?"
e676779500ac0611b3c9f5782160a45b,"Hồ_sơ đề_nghị sửa_đổi nội_dung giấy chứng_nhận đăng_ký cảng_hàng_không , sân_bay gồm có những gì ?"
614d23a5ffc111c7d0b47bcfdf2dc1f8,Giá_trị quỹ đất thanh_toán cho dự_án BT được tính như_thế_nào ?
c5ec70fac33f86925136491fa3c02f25,Địa_điểm chữa_trị chấn_thương cho các vận_động_viên thể_thao thành_tích cao được quy_định như_thế_nào ?
90f77d8115f69105bd431ac3b9be5044,Cơ_quan thường_trực thẩm_định báo_cáo ĐTM là cơ_quan nào ?
4414bd7c8a59eb6523a0e7b387119cb2,Mức bồi_thường bù_đắp tổn_thất về tinh_thần tối_đa là bao_nhiêu ?
d6e0c0d173c29804a3f36f20186f5690,Người cao_tuổi có được bổ_nhiệm Thừa phát lại hay không ?
bc351dfaa66ec92fbabd409bbf3d736a,Nhiệm_vụ và quyền_hạn của Uỷ_viên Hội_đồng lựa_chọn sách_giáo_khoa được quy_định ra sao ?
2bc141472674c0f40505cee6c399c190,Loài sinh_vật có nguy_cơ tuyệt_chủng được quy_định như_thế_nào ?
0604dc5370e1966d112ae9d32acc9fa9,Khu_vực và công_việc nào người lao_động không được đến làm_việc ở nước_ngoài ?
5703fc6197f5ac857ccf3df9549600d3,"Trường_hợp thu_hồi GCN đủ điều_kiện kinh_doanh hoạt_động thể_dục , thể_thao được quy_định như_thế_nào ?"
2d723e4be6d795c4161ae26329380754,"Kiểm_tra , thi , xét công_nhận tốt_nghiệp đối_với đào_tạo từ xa trình_độ sơ_cấp được quy_định như_thế_nào ?"
abd89b51adc3d278b908e6871a86a573,Doanh_nghiệp trong khu công_nghiệp có được đăng_ký nội_quy lao_động cho Ban Quản_lý khu công_nghiệp ?
7fe68169d81f687f701d39c1e92dfe4e,Trường_hợp nào phải đăng_ký chủ nguồn thải chất_thải nguy_hại được quy_định như_thế_nào ?
29f02c8ae9f1aa4181115b7051709853,Sự_cố công_trình xây_dựng làm chết 4 người được xếp vào sự_cố cấp mấy ?
9109df6033438a3cd059e655e8659bd3,Con làm_bạn gãy tay thì phụ_huynh có phải bồi_thường ?
d3e3db3c2ac0799e4afa85e44766003b,"Trình_tự , thủ_tục cấp Giấy chứng_nhận thành_viên bù_trừ chứng_khoán được quy_định như_thế_nào ?"
383d04dfac51dda6b2b7e9ebd6336052,Hồ_sơ đề_nghị hỗ_trợ chi_phí mai_táng gồm những gì ?
6a3175d244fa8cd461b7b9aa227f124a,Quy_định về Giấy chứng_nhận huấn_luyện nghiệp_vụ cơ_bản cấp cho thuyền_viên được quy_định như_thế_nào ?
0aa5a051629e2a3580bbb55f2fab40cb,"Mức phạt nếu không phối_hợp với cơ_quan nhà_nước có thẩm_quyền thực_hiện việc đình_chỉ , tạm đình_chỉ vận_chuyển , phát bưu_gửi được quy_định như_thế_nào ?"
11e5f08c43b922d8c9138fe00d9f8d2b,"Theo quy_định pháp_luật , mục_đích của việc đào_tạo , bồi_dưỡng nghiệp_vụ chuyên_ngành thẩm_định giá là gì ?"
b6b0bc1f962b26ed51ec564bcbe17894,Sang_nhượng hành_khách dọc đường cho xe khác mà không được hành_khách đồng_ý bị phạt bao_nhiêu tiền ?
82c62a3a44d233d8d4187ac609af5bfd,Mức phạt đối_với hành_vi chuyển mục_đích sử_dụng rừng_đặc_dụng có diện_tích dưới 400 m2 không đúng quy_định được quy_định như_thế_nào ?
cc96dc475d97db00c2b15321d109d5c8,Không thông_báo khi tập_trung kinh_tế bị xử_phạt như_thế_nào ?
69e9b240a38c862c329a4367fd1a29b9,"Doanh_nghiệp kinh_doanh tạm nhập , tái_xuất hàng_hoá có thuế tiêu_thụ đặc_biệt cần phải đáp_ứng những điều_kiện gì ?"
a6bb8b9aeb1d456edae053ad48d5c95b,"Kinh_phí ban_đầu để giải_quyết hậu_quả sự_cố , tai_nạn giao_thông đường_sắt được lấy từ đâu ?"
798c4c5e10952df589af667cfa4c2908,Công_ty vay tiền của cá_nhân với lãi_suất 0% có được không ?
004a3bc83f47576a7250787913664b33,Mức phạt đối_với luật_sư hướng_dẫn cho khách_hàng cung_cấp vật_chứng giả là bao_nhiêu ?
befc014efaac380d9d89f751d0c12008,Mức phạt khi không thông_báo cho cơ_quan viễn_thông trước khi tiến_hành tập_trung kinh_tế có thị_phần kết_hợp từ 30% đến 50% được quy_định như_thế_nào ?
5c996f33975cf0db44002bc97dcdd3f1,Nơi nộp hồ_sơ xin cấp chứng_chỉ hành_nghề điều_dưỡng được quy_định như_thế_nào ?
947306a4d5fbef7fbc1ca0d9d48ff617,Điều_kiện phát_hành hồ_sơ mời_thầu dự_án đầu_tư có sử_dụng đất được quy_định như_thế_nào ?
43ceb40239283986193393285e677d50,Mức phạt khi điều_khiển xe ô_tô chạy ở phần lề_đường của đường_cao_tốc là bao_nhiêu ?
088fdab6472a3cbd8d0ab15f0a7de5ce,Quy_định về tổ_chức thị_trường giao_dịch chứng_khoán
cd9dc1f755e356f84a6a249ef163bae7,"Hoàn_thiện , ký_kết hợp_đồng hoặc thoả_thuận_khung lựa_chọn nhà_thầu mua thuốc tập_trung tại địa_phương được quy_định như_thế_nào ?"
6770c70cf17bae7af71cda90cf397593,"Không tuân_thủ đúng quy_trình , quy_chuẩn kỹ_thuật trong kiểm_định xe_cơ_giới bị phạt bao_nhiêu tiền ?"
c655ab2ed59cc14bc3a1ac72e46e7c5f,"Thực_hiện chi_phí tổ_chức , quản_lý , giám_sát thu phí như_thế_nào ?"
f41a8bd6b25cb1b62d13379d06674a91,Con của bệnh_binh đã mất thì có còn được ưu_tiên trong thi_tuyển công_chức không ?
6363f638e869482fa0709815bb975d0a,"Dữ_liệu về cảng cá , khu neo_đậu tránh trú bão gồm những gì ?"
b1fa26ec39850cccf96364ac000e5ab8,Kinh_phí thực_hiện chính_sách đối_với thanh_niên xung_phong được lấy từ đâu ?
ea5c5ff98babb062ce90f010d711dcff,Nhà_kho chứa hoá_chất không có đèn tại nơi thoát hiểm phạt bao_nhiêu ?
c12b3795dbe639485f825b31ea0a342c,Mục_tiêu giáo_dục theo Luật_giáo_dục 2019 được quy_định như_thế_nào ?
34508ae53f1460d2edf2f81d8061de20,"Theo quy_định pháp_luật , loại tài_liệu kế_toán ngành Ngân_hàng nào phải lưu_trữ vĩnh_viễn ?"
79c8cd61556b6557b03d3e1e2854510c,"Trách_nhiệm quản_lý_nhà_nước của Bộ Văn_hoá , Thể_thao và Du_lịch trong phòng_chống tác_hại của rượu , bia được quy_định như_thế_nào ?"
9fe10a75e4e89631e84260daf3d08e41,Lưu_học_sinh hiệp_định được hiểu như_thế_nào ?
44bccd86887689e574ea4f5af291f456,Nhập_khẩu sản_phẩm công_nghệ_thông_tin đã qua sử_dụng thuộc Danh_mục cấm nhập_khẩu bị phạt bao_nhiêu tiền ?
7c54319517202af00ea34b200d36b542,Hỗ_trợ người đang thuê nhà không thuộc sở_hữu nhà_nước khi nhà_nước thu_hồi được hỗ_trợ như nào
8a51ea73f5a2fd9aec44b8f7224d1cf5,Bộ Thông_tin và Truyền_thông có trách_nhiệm gì trong thực_hiện thủ_tục hành_chính điện_tử ?
6ecab0a82a34f525ea938ad8d651fe7e,Cơ_quan nào chứng_nhận đủ điều_kiện sử_dụng dấu định_lượng ?
060e0cd1a73ffe7012a1090498e6ce9c,"Mức phạt khi điều_khiển xe mô_tô , xe_gắn_máy không có bộ_phận giảm thanh , giảm khói"
ac06fec1dc06a9f711c27f54da5fa106,Quy_định về hội_đồng thẩm_định tài_nguyên thông_tin đề_nghị thanh_lọc được quy_định như_thế_nào ?
263a8f6f61b65526d4dc88605d49d6d2,Thời_gian tổ_chức thi_tập sự hành_nghề công_chứng được quy_định như_thế_nào ?
700d460b4a4a77512d835bed175c2547,Quy_định về điều_kiện cấp Giấy chứng_nhận khả_năng chuyên_môn thợ_máy trực ca AB được quy_định như_thế_nào ?
640f5c14c241efe216f67e9b5bff398e,"Kiểm_soát_viên cao_cấp chất_lượng sản_phẩm , hàng_hoá có chức_trách gì ?"
eba0fa2ca05048931b92feb21b66decd,Công_dân có tỉnh giáp biên_giới với Campuchia có được cấp giấy_thông_hành không ?
72908959f72f30f4dd3a6969ffd9a117,"Trình_tự , thủ_tục cấp Giấy chứng_nhận thành_viên lưu ký của Tổng_công_ty lưu ký và bù_trừ chứng_khoán Việt_Nam được quy_định như_thế_nào ?"
3dc7f622e2ffc0f9cfc3ff44268abf8a,Giao_nộp sản_phẩm đo_đạc và bản_đồ được quy_định như_thế_nào ?
b8e880d98b201e32095d5c590f65de04,"Hồ_sơ đăng_ký tổ_chức hội_chợ , triển_lãm thương_mại gồm những gì ?"
d5b7e7e419e62b8ac43a4dffe05d1348,"Xin chủ_trương bổ_nhiệm công_chức giữ chức_vụ lãnh_đạo , quản_lý thuộc thẩm_quyền quản_lý của Bộ , ngành , địa_phương được quy_định như_thế_nào ?"
93507da019dd1a1a6278f83dc29193ee,Có phải tất_cả người thừa_kế đều có quyền từ_chối nhận di_sản không ?
27a5f7e883d126eb456dd96a173c46dd,Hành_vi điều_khiển xe_máy mà vượt đèn_đỏ sẽ bị xử_phạt bao_nhiêu ?
ae058cbd81e77265e57e4d55472b1503,Có bị phạt hành_chính khi dừng đỗ xe trên cầu để hóng mát ?
95124afaac121ea23889bf825e35c357,"Thời_gian , hình_thức giáo_dục pháp_luật , giáo_dục công_dân trong trại_giam của phạm_nhân được quy_định như_thế_nào ?"
37bc435582f6000ac2fe2845fca87724,Xin thôi quốc_tịch Việt_Nam cần xác_minh về nhân_thân của người đó như_thế_nào ?
c2a3b5d439568ac8c366d0bf2a1d646f,Người đánh_giá nghiệp_vụ đăng_kiểm_viên xe_cơ_giới được quy_định như_thế_nào ?
6efd739d4f5c6fbf32c7c36dac73b6c4,Nhà_đầu_tư có trách_nhiệm gì đối_với dịch_vụ thu phí điện_tử không dừng ?
81c74a941d5848c2d0ac23003ca9fa98,Quỹ đầu_tư bất_động_sản được quy_định như_thế_nào ?
879cda13380cd1d0d2a01ca908d2132c,"Quy_định về thẩm_quyền , phạm_vi xác_minh điều_kiện thi_hành án dân_sự của Thừa phát lại"
95cd2452efdd7404cf90fa4b24014ac0,"Nội_dung đánh_giá chạy con_thoi 4 x 10m của học_sinh , sinh_viên bao_gồm những nội_dung nào ?"
f6991176c2053aabdd38eb7be417f5e4,Ký hợp_đồng thực_hiện dự_án của Chương_trình phát_triển tài_sản trí_tuệ giai_đoạn 2016-2020 được quy_định như_thế_nào ?
9f5fb5764845e98e862b8281fccbcaa3,Cộng_sinh công_nghiệp trong khu công_nghiệp là hoạt_động gì ?
6fc693f00b914554019c963645dc5f89,Việc chuẩn_bị tiếp_nhận viện_trợ quốc_tế khẩn_cấp để cứu_trợ được quy_định thế_nào ?
21af785508a99745d6c96af872c530bb,Bị xử_phạt thế_nào nếu sử_dụng ưu_thế gây khó_khăn cho hoạt_động cung_cấp dịch_vụ viễn_thông của doanh_nghiệp viễn_thông khác ?
69292d63c284e05ea70e2676dfd303f1,Báo_cáo chậm đến 15 ngày hoặc không đúng theo yêu_cầu của cơ_quan nhà_nước có thẩm_quyền về bưu_chính bị phạt thế_nào ?
b74ecba129c4333b977f2070d211ee00,Đề_nghị cấp lại chứng_chỉ xây_dựng do bị mất có phải thi sát_hạch không ?
24d9c14e786062a377c5c4ce3aa5b849,Thế_nào là chế_độ kế_toán theo quy_định cũ ?
5620aad5b5ca671973abbc88406224fb,"Từ năm 2020 , điều_khiển xe_máy không có báo_hiệu xin vượt trước khi vượt sẽ bị xử_phạt như_thế_nào ?"
cdbdcb3d7d813c52e2c8553165a8e4df,Công_ty đại_chúng phát_hành quyền mua cổ_phần cho cổ_đông hiện_hữu được xem là chào_bán thêm chứng_khoán ra công chúng không ?
7228787a905b269ca96a2925f4a5decd,Các trường_hợp công_chức bị kỷ_luật hạ bậc lương trong xử_lý VPHC được quy_định như_thế_nào ?
7b6aaf18c35e09101dbcebad2c5fa9dd,"Hành_khách mang chất dễ cháy , nổ lên xe có bị phạt tiền không ?"
b4df42788a940075d9e993f80d5798e8,Tổ giúp_việc Ban Chỉ_đạo thống_kê hình_sự liên_ngành được quy_định như_thế_nào ?
e385aee72c44ea80e1393b034374f9b2,Nội_dung quy_hoạch trong lĩnh_vực giao_thông được quy_định thế_nào ?
f6d5dd6ba53384f66525fc8717559291,Hồ_sơ đề_nghị phê_duyệt kết_quả thử tương_đương sinh_học của thuốc được quy_định thế_nào ?
96155ceb99d44de550fd8d3d54e15847,Nguyên_tắc thực_hiện bán cổ_phần lần đầu và chuyển_nhượng vốn nhà_nước theo phương_thức dựng sổ được quy_định như_thế_nào ?
71e05732c2cbd97995c04f7f8e299a74,Tạm đình_chỉ công_tác đối_với người vi_phạm kỷ_luật trong Quốc_phòng được quy_định thế_nào ?
9b5a1f852af51b30d75d3ff863467863,Hành_khách có hành_vi không bảo_đảm an_toàn khi xe đang chạy bị phạt bao_nhiêu tiền ?
e72a09799da96df2bba7ef461d24ce94,Mức phạt nhân_viên phục_vụ xe_buýt xuống khách để trốn_tránh sự kiểm_tra của người có thẩm_quyền ?
b6dafba96d671bbb1a8927fe42ab1b29,Mức xử_phạt khi điều_khiển xe_máy chở người ngồi sau đội mũ_bảo_hiểm không cài quai đúng quy_cách được quy_định như_thế_nào ?
b186b84e56199566dfcf3558822069af,Mức chi_phí uỷ_quyền trả thưởng cho đại_lý xổ_số được quy_định như_thế_nào ?
140e07d52ae5b70b380b9c1e3b7d7c38,"Gia_đình , người giám_hộ có trách_nhiệm gì trong việc thực_hiện quản_lý đối_tượng được cung_cấp dịch_vụ công_tác xã_hội ?"
991a36c1cb2cfcc2b0a19ccd6ec22578,Mức phạt đối_với hành_vi chuyển mục_đích sử_dụng rừng_phòng_hộ có diện_tích dưới 600 m2 không đúng quy_định được quy_định như_thế_nào ?
230fbe1c034cfb8c8c654c701a180a8b,Thi_hành án hình_sự đối_với pháp_nhân thương_mại cần hồ_sơ gì ?
efd68907f30729e737ed39a38fdc171c,Quy_định về thời_hạn thông_báo kết_quả lựa_chọn nhà_đầu_tư được quy_định như_thế_nào ?
a801c72a3629c41c7a34087c188bf74f,Bảo_mật Hệ_thống thông_tin thống_kê ngành dự_trữ quốc_gia được quy_định như_thế_nào ?
cfd43f50e7056d3a75e89ac4c73c4c3c,Công_bố hoạt_động cảng thuỷ nội_địa khi không còn nhu_cầu tiếp_nhận phương_tiện thuỷ nước_ngoài được quy_định như_thế_nào ?
0d96688a54d9beaf93076106207ce81b,Kiếm soát nội_bộ theo định_hướng rủi_ro NHNN là như_thế_nào ?
1a41263de4952f4ff9a7d3a88bc8efcf,"Trình_tự và nội_dung làm_việc của hội_đồng tư_vấn tuyển_chọn , giao trực_tiếp tổ_chức chủ_trì dự_án Chương_trình phát_triển tài_sản trí_tuệ được quy_định như_thế_nào ?"
bdb0864b86d028cd0486fb9e0adcc988,Báo_cáo chậm quá 15 ngày so với quy_định trong hoạt_động bưu_chính bị phạt bao_nhiêu ?
53230a4037c4cd6fbce048566e7fc73d,Ai có thẩm_quyền phê_duyệt Điều_lệ Hiệp_hội công_chứng_viên VN ?
5de7be4965aa1a0dbcf4300323a318c1,"Mức phạt hành_vi để vật_liệu , đất_đá , phương_tiện thi_công ngoài phạm_vi thi_công gây cản_trở giao_thông"
e1f79648b57a4b618a407ca3b17819fd,Quy_định về hồ_sơ nhập_khẩu thức_ăn chăn_nuôi để làm mẫu phân_tích tại phòng thử_nghiệm
6799d07185b003479fd05cdb702a2fa3,Mục_tiêu của giáo_dục thường_xuyên được quy_định như_thế_nào ?
e9625ea43f977518b76a88567ee82514,"Vật_dụng cá_nhân , vật_dụng hộ gia_đình có nguồn_gốc động_vật , thực_vật hoang_dã là gì ?"
36fe7890e33d321f13146b6870c50fc1,Cơ_quan nào có thẩm_quyền điều_chỉnh giấy_phép kinh_doanh karaoke đã cấp ?
31e4065c9a4648fea83b2b96993e797c,Con đi hiến máu tình_nguyện mẹ có được truyền máu miễn_phí không ?
d904e44a6dde7e8555c78572c2f34fa0,Điều_khiển xe ô_tô gắn biển số không đúng với Giấy đăng_ký xe bị phạt bao_nhiêu theo nghị_định 100 ?
777f4ddc590731b7ed2d5e5a5fceea47,"Trường_hợp nào được miễn học_phí tham_gia khoá đào_tạo khởi_sự kinh_doanh , quản_trị doanh_nghiệp cho DN nhỏ và vừa ?"
409c9dc2858c384e392939b521dcb2d7,"Mức phạt khi tự_ý leo_trèo lên mố , trụ , dầm cầu"
a0bc8ef92770b546ed517bd5e1d181eb,"Loại_trừ yếu_tố khách_quan khi xác_định quỹ tiền_lương , thù_lao trong doanh_nghiệp nhà_nước được quy_định như_thế_nào ?"
71eaeb36a55750d4197fbb5624ffd328,"Nguyên_tắc lập dự_toán , quản_lý , sử_dụng và quyết_toán kinh_phí cho việc xây_dựng văn_bản quy_phạm_pháp_luật được quy_định như_thế_nào ?"
0e7e40a06dde3f4cc378d440c61a6059,Tụ_tập từ 3 xe_máy trở lên ở lòng_đường bị phạt thế_nào ?
e59d7c23035fbd717a18e90f77380ef2,Nhiệm_vụ khắc_phục hậu_quả bom_mìn vật nổ sau chiến_tranh là gì ?
4483abe18dba80888303448c3d0a7703,Chứng_từ chứng_nhận xuất_xứ hàng_hoá theo GSP phải có các thông_tin gì ?
5a88c92f2ef99e02da51e77cf55e134c,Chốt gác đường_sắt là gì ?
a8c8abab0b7d4726d9dc4772add994b3,Hoá_đơn điện_tử của hoá_đơn giá_trị gia_tăng là gì ?
c490b922c7e6f5f84177cf89665ee8ab,Mức phạt khi hạch_toán sai nội_dung ?
4755fffdb2ec8a4ef7e8e5643b9d9864,Công_bố danh_mục khu_vực nạo_vét vùng nước cảng biển được quy_định như_thế_nào ?
863371c7905629300adcfff428f32214,UBND cấp tỉnh có trách_nhiệm gì trong việc trao_đổi công_tác chống tham_nhũng tại địa_phương ?
9c428500e6346c12005bc0b20ce4530e,Quy_hoạch phát_triển khu kinh_tế được quy_định như_thế_nào ?
12aa2415daa67ab4c04be1c30828a5b1,"Bị_thương tật 25% , cơ_quan nhà_nước có khởi_tố không ?"
18338aab4a8fbf1067a6b2d0770ca546,"Theo quy_định pháp_luật , cơ_sở bảo_quản thuốc , nguyên_liệu làm_thuốc gồm những cơ_sở nào ?"
961fe041b4cfeec31566fd7452f76451,Quy_mô của tổ_chức đoàn doanh_nghiệp nước_ngoài vào Việt_Nam giao_dịch để mua hàng được quy_định như_thế_nào ?
b437cfdaa9110008aad80a1b979d6f12,Phạm_nhân dưới 18 tuổi được gọi điện_thoại về nhà mấy lần ?
9bc4a12faeacad9dcffc83a2eb12992b,Các hoạt_động hỗ_trợ tăng_cường năng_lực của Quỹ phát_triển doanh_nghiệp nhỏ và vừa được quy_định như_thế_nào ?
08683040fdfd763981912512857c99b2,Không thoả_thuận về bồi_thường thiệt_hại có được bồi_thường không ?
c666fa966619c6ed041cb1f67c1738a5,Hồ_sơ đề_nghị hỗ_trợ kinh_phí khám bệnh_nghề_nghiệp được quy_định như_thế_nào ?
cbd55927c3931c2440dc6066d3ab8597,Khi có kết_quả quan_trắc môi_trường lao_động mà công_ty không công_bố công_khai cho người lao_động thì bị xử_lý như_thế_nào ?
933a396da03db90df6a0774be4a9e033,Trách_nhiệm của Uỷ_ban_nhân_dân cấp xã nơi có đê được quy_định như_thế_nào ?
7874e855b8078f1446dccc73e023f8f3,Gửi tiền lên trại_giam bằng cách nào ?
70c14ba55a5e3cb604a083822d17ba92,Quản_lý hoạt_động dịch_vụ việc_làm tại trung_tâm dịch_vụ việc_làm được quy_định như_thế_nào ?
be1de945e18dd1c8358f0f5569057840,"Thời_hạn thanh_toán bồi_thường tiền bảo_hiểm nghề_nghiệp đối_với tổ_chức , cá_nhân tiến_hành công_việc bức_xạ được quy_định như_thế_nào ?"
f1e5e30b54974d4a97374e6c704b2c43,Chương_trình khuyến_nông là gì ?
c0173d13766b63eaf6fc9d55ce1e1923,Xét_nghiệm nhanh là gì ?
4ae4a1ed8ad19dfdd44325c48b7a4fc4,Thông_tin LRIT là gì ?
73e9a4404e2b9580f3cefefd4d2d20bd,Giáo_viên có được bảo_lưu phụ_cấp ưu_đãi khi chuyển công_tác ?
828a4e7757e13bd14b12f875192d4fea,Cơ_sở đào_tạo có cần thanh_lý hợp_đồng đào_tạo với người học lái_xe không ?
04e909b3f16852b0325175e56ff09537,Người phụ_trách kỹ_thuật đồng_thời thực_hiện 3 dự_án điều_tra_cơ_bản tài_nguyên nước bị xử_lý thế_nào ?
ed9489980e8519a9030cf7e29de6edf9,Thẻ thường_trú có giá_trị thay thị_thực hay không ?
e96a6a244829e4347e7769fda7b85feb,Mức chi_phí hỗ_trợ chi_phí tư_vấn pháp_luật đối_với các DN nhỏ và vừa được quy_định như_thế_nào ?
f28aa7d805b1c08097f95691c9bafb41,"Cam_kết bảo_vệ bí_mật nhà_nước ngành văn_hoá , thể_thao và du_lịch được quy_định như_thế_nào ?"
c9c6ec26f95e67f86dd6b7a5050bc82e,"Người tham_gia hoà_giải , đối_thoại tại Toà_án phải chịu chi_phí nào ?"
1a81afea6e7e8a7692e6bd098d6e12de,Thẩm_quyền bổ_nhiệm Thủ_trưởng cơ_quan thi_hành án hình_sự Công_an cấp tỉnh được quy_định như_thế_nào ?
aabd81bc79af50efa03342aafe69b801,Giải_quyết hồ_sơ xin thôi quốc_tịch khi giấy_tờ bảo_đảm việc cho nhập quốc_tịch nước_ngoài bị hết hạn
ad99ec3c061c383eb9fd532b809697d4,"Bộ , cơ_quan ngang bộ có trách_nhiệm như_thế_nào trong việc nâng chuẩn trình_độ đào_tạo giáo_viên ?"
b05538577341d15b54e2e8551bd4cd17,Mức phạt đối_với hành_vi chạy xe_máy chuyển_hướng không bật xi_nhan
55ed09329836a5b928711ad427ff8800,Thực_hiện không đúng quy_định về phát bưu_gửi bị phạt bao_nhiêu ?
e947057553191f30bea39a92d06ff875,Cách xác_minh thông_tin về tài_khoản của pháp_nhân thương_mại để cưỡng_chế thi_hành án được quy_định như_thế_nào ?
0b342c928d0dc9bce7dfb82014bfe5d2,Trách_nhiệm của Bộ Tài_nguyên và Môi_trường về quản_lý và phát_triển công_nghiệp an_ninh được quy_định như_thế_nào ?
e4a17565481b5f17a4e68711ea24d5ab,Người_quản_lý đối_tượng được cung_cấp dịch_vụ công_tác xã_hội làm gì để hỗ_trợ đối_tượng hoà_nhập cộng_đồng ?
af2e16232d26f7da5acb7e20bf0e8f79,Bản_sao điện_tử được cấp từ sổ gốc có giá_trị sử_dụng thay cho bản_chính không ?
2f482faed82efbbe446dfe1340ef5639,Xe chưa được cấp biển số chính_thức có nhu_cầu tham_gia giao_thông thì phải làm gì ?
ab50063ed8121c3a4617898e6b0e8967,Nam để tóc dài thì có được làm CCCD không ?
4a731fd1c60fda24438357e6319f7baa,Không được công_chứng chữ_ký thì di_chúc miệng được lập ra có hợp_pháp không ?
0cd9b916a13ec5b2b34ca7b25ab55e14,Chế_độ khen_thưởng đối_với_viên_chức được quy_định như_thế_nào ?
135d01b7fef8b053add57d58c372b442,Không có chứng_minh có được thăm chồng ở trung_tâm cai_nghiện không ?
d001ff18a9047df36589cd405557d1f9,"Đánh nhau , xúi_giục đánh nhau bị phạt như_thế_nào ?"
cd6f619c5f1b555f1e709e85448e0c52,"Trường_hợp nào sẽ tạm ngừng , đình_chỉ hoạt_động giao_dịch của Sở_giao_dịch chứng_khoán Việt_Nam"
99f3cbf56227d1130d8aa8e1d11f6cf4,2 trường_hợp được tạm hoãn tập_trung huấn_luyện sẵn_sàng chiến_đấu ?
faa8dcfc81a5d8097ce9be36834125fc,"Đe_doạ dùng gạch , đá để chống lại CSGT phạt bao_nhiêu ?"
230a3674c779da8c91b6128ffebc2e37,Đơn_vị báo_cáo thống_kê công_tác dân_tộc là đơn_vị nào ?
39d927fb154ca4bac1982f0b18ee6a8a,"Quản_lý và sử_dụng các khoản phí , lệ_phí trong lĩnh_vực ngoại_giao được quy_định như_thế_nào ?"
5817f5e20b6dbdec263e6510491e3e5b,"Mức phạt hành_vi phá dỡ trái_phép dải_phân_cách , gương_cầu , các công_trình , thiết_bị an_toàn giao_thông trên đường_bộ"
e00dbd2e9d585ffd4e4a7153eec53e02,Chế_độ giáo_dục phạm_nhân dưới 18 tuổi từ năm 2020 được quy_định như_thế_nào ?
ffc174f568c3501fc886fcef08e2233f,"Trình_tự đăng_ký , đăng_ký lại nuôi_trồng thuỷ_sản lồng bè được quy_định như_thế_nào ?"
053367516dbca170b8c53dada00b544c,Phân_loại công_trình xây_dựng được quy_định như_thế_nào ?
60d71cd6fb7549c57d5d857021f2adb8,Hệ_thống ACTS được hiểu thế_nào ?
6c586a9c49d50bf2869d87c31e69ed23,Bộ Kế_hoạch và Đầu_tư có trách_nhiệm gì đối_với các trung_tâm đổi_mới sáng_tạo ?
2becca92153b860b4688828c81af1535,Cựu thanh_niên xung_phong được hưởng chế_độ BHYT như_thế_nào ?
923f912cef3e4fb5953683a1ca005cc8,Áp_dụng hình_thức kỷ_luật nào với quân_nhân đã bị Toà_án tuyên_án và áp_dụng hình_phạt được quy_định như_thế_nào ?
a74aed7e8d3c83e11861f0dcbda33d1b,"Kinh_doanh vận_tải hàng_hoá siêu_trường , siêu_trọng được quy_định thế_nào ?"
5b05bb746c7b8913aaab1e166ee7270e,Làm_việc trên tàu cá quên mang CMND có bị phạt không ?
699ca7814ee8a1a907be9191eb25fc47,Ai được hưởng giá cước dịch_vụ viễn_thông công_ích khẩn_cấp được quy_định ra sao ?
50e9d5b4407218b37fb290a05cea7890,Thời_điểm có hiệu_lực của biện_pháp bảo_đảm được quy_định như_thế_nào ?
0f34e9bd276fc9b56990869f3c802917,"Mức phạt khi chiếm_dụng lòng_đường đô_thị hoặc hè phố từ 20 m2 trở lên làm nơi trông , giữ xe"
ead5c9334e7087e864be9d5e2424781e,Trong thời_hạn 12 giờ kể từ thời_điểm thụ_lý thì tổ_chức trợ_giúp pháp_lý phải cử người thực_hiện trợ_giúp pháp_lý đúng không ?
a1673cbacf717ab0c6429f033e104d17,"Kinh_phí thực_hiện sản_xuất , cấp , quản_lý thẻ Căn_cước công_dân và thu lệ_phí được quy_định như_thế_nào ?"
93f698139be17ceb5c1b80a8bb520fbf,Đăng_ký xe phải mang xe đến cơ_quan đăng_ký trong các trường_hợp nào ?
58356d73545d06a50fb4dc4f4058a271,Định_nghĩa thu_nhập từ chuyển_nhượng tài_sản theo Hiệp_định tránh đánh thuế hai lần được quy_định như_thế_nào ?
9f928a553a460f2f81da578412c245aa,Uỷ_ban xã có được mở tài_khoản tại ngân_hàng không ?
c8225fea4ac234426fa51ffe59fa4fc9,"Tiêu_chí xây_dựng , thực_hiện đề_án thuộc Chương_trình cấp quốc_gia về xúc_tiến thương_mại được quy_định như_thế_nào ?"
32b26591e52aa17298ed3621bcc18fa3,"Phương_thức gửi báo_cáo , thống_kê ngành giáo_dục được quy_định như_thế_nào ?"
7d170bf817607a324928a7f8d26e1fdc,Thủ_tục thu_hồi chứng_chỉ hành_nghề KCB trong quân_đội được quy_định như_thế_nào ?
76dfb5311239aa587100821676e47309,Gọi điện_thoại ở cây_xăng phạt bao_nhiêu tiền ?
53f3d4ddec0e43be95fd7c7f55e11e47,Sử_dụng mực màu đỏ để ghi vào_sổ hộ_tịch được không ?
f7603bc13936c749e71cefac89b61411,Thông_báo về việc thành_lập trung_tâm dịch_vụ việc_làm được quy_định như_thế_nào ?
d31965e2028a872203dba6b5754015d5,"Thủ_tục cập_nhật , thay_đổi thông_tin của Hội_đồng đạo_đức trong nghiên_cứu y_sinh_học được quy_định như_thế_nào ?"
72e1199876d570ceb9df2af48fc0e94f,Lấn_chiếm đất_đai từ 2010 bây_giờ mới phát_hiện xử_lý được không ?
0ea914b953b5941bc2485132b5449635,Hợp_đồng làm_việc của viên_chức là gì ?
93fa0e0a0f219a3c47f7224204a94b50,"Điều_khiển xe mô_tô , xe_gắn_máy không có đèn tín_hiệu bị phạt bao_nhiêu theo nghị_định 100/2019 / NĐ-CP ?"
2338cdf6673528d7fc542b394d3d0a81,03 tiêu_chuẩn chung về đạo_đức nghề_nghiệp của viên_chức chuyên_ngành cảng_vụ hàng không được quy_định như_thế_nào ?
63c0805292a7dd2677487aa4238e7629,"Thành_phần , nhiệm_vụ của lực_lượng_vũ_trang nhân_dân được quy_định như_thế_nào ?"
bb3548780bc9920ebcfad7db819017b8,Xây_dựng trang_trại nuôi lợn quy_mô nhỏ cách chợ 100 m có đúng quy_định không ?
bca774d0b18dd0c677da375eaab8d38c,Phương_tiện phục_vụ hoạt_động vui_chơi giải_trí dưới nước được đặt tên như_thế_nào ?
f84fbd62619fb422ebd0ebbc4595fcba,Báo_cáo thẩm_định hồ_sơ dự_thảo văn_bản quy_phạm_pháp_luật của Bộ Công_Thương được quy_định như_thế_nào ?
91523aa38657f81c107b4675175b19bd,Cờ hiệu ưu_tiên của xe hộ_đê được quy_định như_thế_nào ?
71618c19cebd6a2447bb7c962c8f4e0c,Hồ_sơ chuyển_đổi luồng đường_thuỷ nội_địa gồm những gì ?
3f8d8503cf7aad35080cca3b88a45b71,Thời_hạn và thẩm_quyền xin cấp giấy_thông_hành được thực_hiện như_thế_nào ?
f616f7fbf5f4026207d5d9dfbea2bedf,Kết_quả công_tác bảo_dưỡng công_trình có phải lập hồ_sơ không ?
72f6ccbe94119ef2f65f7383ef31acc3,Trình_tự thực_hiện cho_phép khảo_nghiệm sản_phẩm xử_lý môi_trường nuôi_trồng thuỷ_sản được quy_định như_thế_nào ?
ca1f33b895727205fe07f8e31aef369b,Chủ_nợ có quyền yêu_cầu mở thủ_tục phá_sản công_ty khi nào ?
c36422d161dd3e0b97bf727ca608bf02,Cấp_Giấy chứng_nhận tốt_nghiệp đào_tạo lái_xe trái quy_định bị phạt bao_nhiêu tiền ?
273d2bd59c65c3aebe7f82d34324d624,Mức phạt của hành_vi công_bố chỉ_tiêu tuyển_sinh vượt số_lượng theo quy_định là bao_nhiêu ?
92fa356ad9dc15143182a36d6de67e42,Thay_đổi biểu_tượng kênh_truyền_hình có bị xử_phạt không ?
708366fc4ba8df5601b47e1321e5fd93,NLĐ chờ làm thủ_tục hưởng BHTN có được tính tham_gia BHYT không ?
47dd721097d01e1bf6486a9dc472fb9b,Ngày bầu_cử đại_biểu Quốc_Hội có phải là ngày chủ_nhật ?
851a826f591dd410a31733f45ff0f235,Trách_nhiệm của doanh_nghiệp cung_cấp dịch_vụ sự_nghiệp công đối_với hoạt_động nạo_vét duy_tu luồng hàng_hải công_cộng được quy_định như_thế_nào ?
0a0230ebff42061db19497d47f8816fe,Mức phạt khi thi_công công_trình trong phạm_vi đất dành cho đường_bộ có Giấy_phép thi_công nhưng đã hết thời_hạn
cedb70bc0b18d150beeb97dbb600aaf3,Thẩm_quyền xử_phạt của Cảnh_sát_viên Cảnh_sát biển đang thi_hành công_vụ trong lĩnh_vực hoá_chất được quy_định như_thế_nào ?
2deb73d41a59d754d751957ab6daee8d,Công_an hiệu được quy_định như_thế_nào theo quy_định mới ?
b7832dd3114a66bfba3ec118aa982c77,Mức phạt khi điều_khiển xe ô_tô không giảm tốc_độ và nhường đường khi điều_khiển xe chạy từ đường nhánh ra đường chính được quy_định như_thế_nào ?
79d903f40d55b64088209f91d97b0692,Việc đánh_giá nguy_cơ trở_thành cỏ dại được thực_hiện như_thế_nào ?
274fbac6578a865a68884347f6f9f615,"Cơ_quan thẩm_định điều_kiện đảm_bảo ATTP của cơ_sở sản_xuất thực_phẩm nông , lâm , thuỷ_sản là cơ_quan nào ?"
3d19b95aa289085557090b867e1c007b,Các hình_thức kỷ_luật mà Đại_đội trưởng được áp_dụng đối_với người vi_phạm ?
3b8025a83880cc03215aaa379656dd17,Định_nghĩa phí dịch_vụ kỹ_thuật theo Hiệp_định tránh đánh thuế hai lần được quy_định như_thế_nào ?
5ca00a68fec21455ae6756f2e742ac44,Nhiệm_kỳ Lãnh_sự danh_dự là mấy năm ?
1537f97fbfbc86a11e3ab465e154a79e,Ai không bị áp_dụng hình_thức kỷ_luật tước danh_hiệu quân_nhân và buộc thôi_việc ?
fb2a1323d8cf5b65008a43b37ef5f111,"Trình , phê_duyệt nhiệm_vụ đột_xuất đối_với nạo_vét duy_tu đột_xuất luồng đường_thuỷ nội_địa được quy_định như_thế_nào ?"
1ed07271fb0e3a866ade732e14b4ae2e,Vị_trí và chức_năng của Ban Quản_lý Khu Công_nghệ_cao Hoà_Lạc được quy_định như_thế_nào ?
bd2f979dabdf0033a00ff488b2893e12,Nội_dung kiểm_tra công_tác nghiệm_thu công_trình của cơ_quan_chuyên_môn xây_dựng được quy_định như_thế_nào ?
75baaba44db2b648cc9d5f51f91c4b7b,Có được làm trọng_tài_viên khi đang là công_chức toà_án không ?
171f240dce4e37ca363e123e7201e949,Ai có quyền thành_lập công_đoàn ?
44bbef50d5bed5148bae1b6a11d0f80a,Ai được quyền làm và ký đơn khởi_kiện trong vụ án hành_chính ?
d1567ca1e090a1317e7d67ae8eb6c87e,Quay đầu xe_máy không đúng quy_định gây tai_nạn giao_thông sẽ bị xử_phạt thế_nào ?
f147660a336d7af72b7e4f73d75d9cb7,"Mức phạt khi di_chuyển chậm_trễ các công_trình , nhà , lều quán xây_dựng trái_phép"
0d2af7632b34796855f3853c4eda9525,Thời_gian được phép đi khỏi nơi cư_trú đối_với người phạt quản_chế ?
c184bb1204f8ed22a43cd8866a115a58,Pháp_nhân có thuộc đối_tượng tham_gia với tư_cách là sáng_lập_viên hợp_tác_xã không ?
1e35ec093a47e7dfa02824d2de167f6c,Việc ứng_dụng mô_hình thông_tin công_trình trong quản_lý dự_án đầu_tư xây_dựng được quy_định như_thế_nào ?
2aff04fb3e1555c98062ff2747e75997,Nội_dung điều_chỉnh tổng mức đầu_tư xây_dựng được quy_định như_thế_nào ?
65d764444df39681dc1220ee555c21bc,Lập danh_mục thủ_tục hành_chính ưu_tiên thực_hiện trên môi_trường điện_tử được thực_hiện thế_nào ?
45c7350bf9dac4e40b27ae013d71fda8,Mức phạt khi điều_khiển xe ô_tô gây tai_nạn giao_thông không giữ nguyên hiện_trường được quy_định như_thế_nào ?
ed542c70655fe9db662e96ca53e0e34f,"Mức phạt khi kinh_doanh thực_phẩm bị hỏng , mốc , bụi bẩn hoặc tiếp_xúc với các yếu_tố gây ô_nhiễm được quy_định như_thế_nào ?"
81e74a7425b78c83438722215fb6ecc0,Nguyên_tắc bổ_nhiệm và xếp lương đối_với nhân_viên giáo_vụ được quy_định như_thế_nào ?
f4d1ff7b7466f45c689bc3e506d849ae,"Mức phạt khi điều_khiển xe ô_tô bấm còi hơi trong đô_thị , khu đông dân_cư là bao_nhiêu ?"
47f2f505e65575ddcc856eff2288b8ea,Tem bưu_chính kỷ_niệm là gì ?
bbc9b4a350c401a3e7bec53dbcde9f80,Có phải nộp bằng đại_học gốc cho trường khi trúng_tuyển giáo_viên không ?
f216cdd1dcd48377116b603c5ac9255f,Quy_định về cơ_sở vật_chất của công_ty chứng_khoán được quy_định như_thế_nào ?
0f80cc1f4827ee0d442384c437a1f0f2,Điều_kiện để giảm tối_đa 01 năm thời_gian chấp_hành án cho người cải_tạo không giam_giữ từ năm 2020 ?
fdc569a0a2cea49489239fec4e9bcba9,Khuyến_nông PPP là gì ?
a5b0253f4a610194da50262c551ff541,Chủ doanh_nghiệp tư_nhân có phải chịu những khoản nợ sau khi bán doanh_nghiệp ?
a62a4274f4742bfdde32b9e01b1977f3,Trách_nhiệm của Sở Công_Thương đối_với tổ_chức thực_hiện Chương_trình cấp quốc_gia về xúc_tiến thương_mại được quy_định như_thế_nào ?
9adc7fc422b9de95816eeba0934762ad,Người được hưởng án_treo được vắng_mặt nơi cư_trú không ?
436f07b0a00aa449d61c544ad4330a75,Giải_quyết đề_nghị phúc_khảo đánh_giá cấp thẻ kiểm_định_viên chất_lượng giáo_dục nghề_nghiệp được quy_định như_thế_nào ?
18934997db41e92c1b5a3c5700fb58ba,Mức chi hoạt_động công_nghiệp hỗ_trợ ở địa_phương được quy_định như_thế_nào ?
8ffdc7c85a1231a49eb6f9d3dd47c7a6,Quy_định về việc dán tem “ VIET NAM DUTY NOT PAID ” trên rượu chai được quy_định như_thế_nào ?
76a9074f0b948472238cd68b173209c8,Con_riêng được nhận di_sản thừa_kế từ cha dượng không ?
464732789ef6b68dd2ab380ee8ba13fb,Quy_mô chăn_nuôi được xác_định theo nguyên_tắc nào ?
7167a958eeb935c263d5bd1646990fbb,"Trình_tự , thủ_tục lấy ý_kiến UBND tỉnh về quy_hoạch cảng_hàng_không , sân_bay được thực_hiện như_thế_nào ?"
b4ef60f868f237f7b4b0c1387e1e5900,Kết_quả giải_quyết thủ_tục hành_chính điện_tử đã huỷ hiệu_lực có còn được lưu_trữ không ?
a0de865f4c1729d050fd356478022fc7,Hồ_sơ khoanh nợ tiền thuế đối_với người nộp thuế giải_thể gồm những gì ?
eb19da44545d6444bdc3813ce4e7800d,Bình_đẳng giới trong lĩnh_vực khoa_học và công_nghệ được quy_định như_thế_nào ?
fc50d3f95ba3dd5818c299dfda40fc11,"Điều_khiển xe_máy đăng_ký tạm hoạt_động quá phạm_vi , thời_hạn cho_phép bị phạt bao_nhiêu theo nghị_định 100/2019 / NĐ-CP ?"
10c3d55c7c9d787baae39a9b2962cabc,"Thời_hạn bổ_nhiệm các chức_vụ lãnh_đạo , quản_lý của quận , phường ở TP HCM được quy_định như_thế_nào ?"
fec3e0f83d513ec13919a49dc1dd0ba6,Công_an xã chuyển công_tác có được hưởng trợ_cấp ?
70e611a8de5e5b40228b82c131bde717,Thành_phần Hội_đồng Thi_đua - Khen_thưởng gồm những thành_phần nào ?
aa9a785dd822a8ab81e7ab993a0b5517,"Quy_mô thực_hiện hội_nghị cung_cấp thông_tin về phát_triển sản_phẩm , ngành_hàng , thị_trường được quy_định như_thế_nào ?"
51093c2eb16973c82b4f1712556f768f,Phương_pháp hoạt_động của Hội_đồng tư_vấn chuyên_môn đánh_giá nguyên_nhân tai_biến nặng trong quá_trình sử_dụng vắc_xin được quy_định như_thế_nào ?
08c2bd0bda4da6797f605cd0a1d3b42b,Thời_gian tổ_chức khám sức_khoẻ cho thí_sinh đăng_ký vào các trường quân_đội trong năm 2021 là khi nào ?
f0f113c87be17c4e3021e95c45f38e0f,Kinh_phí đào_tạo cử_tuyển được quy_định như_thế_nào ?
f14bc1fbc94a29a035a9baba7c6991c1,Nguyên_tắc sử_dụng kinh_phí hoạt_động của Hội Cựu_chiến_binh được quy_định như_thế_nào ?
5ce131cc24dd07a6fa674a4f63f62e77,02 thời_điểm và thời_gian công_khai thông_tin để thực_hiện dân_chủ trong trong hoạt_động cơ_sở giáo_dục được quy_định như_thế_nào ?
659907649ec13c18b84e99deccfe7dcf,Quy_định về việc công_bố danh_mục sách_giáo_khoa được phê_duyệt
785ae3da85d7a085ce41f71c121a9e85,Xây_dựng kế_hoạch dự_phòng của công_ty chứng_khoán được quy_định như_thế_nào ?
b3fc8f4c42d91ddfbc60375264fff824,Phạt như_thế_nào khi cung_ứng dịch_vụ viễn_thông GTGT khi chưa thực_hiện giao_kết hợp_đồng giữa doanh_nghiệp viễn_thông với người sử_dụng ?
24988080fe31a823a94c5daf41b598aa,Giới_hạn trách_nhiệm của thương_nhân kinh_doanh dịch_vụ logistics là gì ?
1108a19ce528ebf31d253c910affcc6d,Cơ_quan thuế phát_hiện hoá_đơn điện_tử đã được cấp mã có sai_sót thì xử_lý như_thế_nào ?
81317f47daddfd662b7f2f445058ec33,"Quy_định về cách ghi thông_số kỹ_thuật , thông_tin cảnh_báo trên nhãn hàng_hoá được quy_định như_thế_nào ?"
2f81d6a7854ea5cefa667db53a1239b0,Cư_trú và lưu_trú khác nhau ở điểm nào ?
b85c81dacc2fcb0b4aca9a94a94c8b05,Vật_liệu phóng_xạ dạng đặc_biệt là gì ?
af65689026111bd36b904c06521839aa,"Quy_định về cơ_sở đào_tạo , huấn_luyện thuyền_viên được quy_định như_thế_nào ?"
dc4b731e5f52f4a70afe6feafb2bb60b,Công_ty Luật nhưng treo bảng_hiệu Công_ty TNHH một thành_viên được quy_định như_thế_nào ?
b2fccf1f8d21338e6d112fdc31818c36,"Hết thời_hạn bổ_nhiệm , viên_chức quản_lý không được bổ_nhiệm lại có bị miễn_nhiệm không ?"
420207cb4551043153e9b7006079248d,Xe đi làm nhiệm_vụ trong tình_trạng khẩn_cấp là gì ?
a41fc21963cfb2ba22caa412f708ac1f,Tiền_lương của người_quản_lý công_ty TNHH một thành_viên do VIETTEL nắm giữ 100% vốn_điều_lệ được quy_định như_thế_nào ?
d11daa57b56320746c335cd572c44911,Hành_khách mang hoá_chất độc_hại lên xe có bị phạt tiền không ?
d2db2bd628d3674db247ebbaf6d807f3,Chủ tàu cá sử_dụng tàu cá có chiều dài là 18.5 m khai_thác thuỷ_sản mà không có Giấy_phép khai_thác thuỷ_sản sẽ bị xử_phạt như_thế_nào ?
ff9337fc753e152d186d6ede94dfd829,"Mức phạt hành_vi trang_trí , treo biển quảng_cáo vào cột đèn chiếu sáng không đúng quy_định là bao_nhiêu ?"
074a510c8b6f475f5416c896e2a39e83,Người được hưởng án_treo có cần thông_báo tạm_trú khi đến_nơi khác không ?
2fbe2b458fdd200de3d0c88bf42b8093,Mức phạt khi chạy xe_máy mà trong người có chất ma_tuý
da4ca52f898b5c5a6f48bcf71dcb25e4,Yêu_cầu đối_với dự_án khuyến_nông trung_ương được quy_định ra sao ?
3f415a4d35693c45601058c444f1f7d7,"Những_ai tham_gia hoà_giải , đối_thoại Toà_án ?"
7fbaf1d945a87b8351ad2aca3770208c,Hình_thức phong_trào thi_đua ngành lao_động thương_binh và xã_hội được quy_định như_thế_nào ?
64786831862a4fddfcedecb6769c9865,Xe ô_tô chạy quá tốc_độ 9 km/h có bị giam bằng hay không ?
658ad84f9faaa857a06c27c634645355,Đánh_giá hồ_sơ đề_xuất về kỹ_thuật của nhà_đầu_tư thực_hiện dự_án đầu_tư có sử_dụng đất gồm những bước nào ?
6e62ba53db9056fe529858d8a7a01820,Trưởng Công_an cấp xã được phạt tối_đa bao_nhiêu tiền trong lĩnh_vực đường_bộ ?
596a57f583bbfbb5e6b4379cf007cbbe,"Thời_hạn giữ chức_vụ lãnh_đạo , quản_lý của công_chức được quy_định như_thế_nào ?"
ef4ee60d449155fd5723fb25c7103fd3,"Mức phạt của hành_vi lập báo_cáo định_kỳ , báo_cáo đột_xuất có nội_dung không chính_xác về tổ_chức quản_lý cơ_sở giáo_dục là bao_nhiêu ?"
4c34b5d87eedfd6f3774a2240dfca4a8,Điều_kiện về cổ_đông để được cấp giấy_phép thành_lập và hoạt_động của công_ty đầu_tư chứng_khoán được quy_định như_thế_nào ?
d92c9e3a3547c140020a03a753fb45a2,"Thẩm_quyền đóng mới , đóng lại số động_cơ , số khung xe_máy chuyên_dùng được quy_định như_thế_nào ?"
05eacfe76493042b146793d0788e77a4,Quy_định về trách_nhiệm của Ngân_hàng Nhà_nước trong việc thu phí điện_tử không dừng được quy_định như_thế_nào ?
748de634425f9a7cf6a454aaedce97f7,"Bên mua không có_mặt để nhận hàng , bên bán có được bán cho người khác không ?"
06847bf5331a708a4dc4622e986f7dd4,Người hứa thưởng có quyền rút lại tuyên_bố hứa thưởng của mình trước đó không ?
82c08e95d53597a10bb74f1218eaa171,"Luật_sư hành_nghề 01 năm , có được miễn đào_tạo nghề đấu_giá không ?"
b783b5b5f9985e19cedec574c7c5d300,Thời_gian quá_cảnh hàng_hoá tại Việt_Nam là bao_nhiêu ngày ?
1f912d23dc37e77b2ea3138120057a1c,Được làm thủ_tục đăng_ký xe qua mạng không ?
9adc40cc7795d62d631bfa04df9c6cab,"Việc trình , giải_quyết hồ_sơ đề_nghị giao khu_vực biển được quy_định như_thế_nào ?"
4f3e13c305d73bd97d7828f2c21fa060,Mức phạt với hành_vi sử_dụng các loại pháo mà không được phép
dd6f0953caa09022f6061dd3fcdfd799,Mức phạt khi không có biện_pháp khắc_phục kịp_thời theo quy_định các hư_hỏng của công_trình đường_bộ gây mất an_toàn
aeb612631c66d9b20738ed6698c4f77d,Di_chúc của người không biết chữ có bắt_buộc phải công_chứng hay chứng_thực không ?
884ba417c6ee59575fd13256c20868ea,"Báo_cáo chuyên_đề về công_tác thanh_tra , giải_quyết khiếu_nại , tố_cáo và phòng , chống tham_nhũng được quy_định như_thế_nào ?"
b11ba2bfd4064109f5fe6e88200cfaaf,"Kiểm_tra , thi , xét công_nhận tốt_nghiệp đối_với đào_tạo từ xa trình_độ trung_cấp được quy_định như_thế_nào ?"
9036085495634fc6d4338a48a802c7fe,Thời_hạn giải_ngân tiền hỗ_trợ cho NSDLĐ theo nghị_quyết 42 ?
d5596083bde9eea3af55db7faa459120,Mức thời_gian được giảm thi_hành án đối_với người bị phạt cải_tạo không giam_giữ được quy_định như_thế_nào ?
7521ac9f22cb47e418fc736c10089fb7,"Trách_nhiệm quản_lý_nhà_nước trong việc phòng , chống tác_hại rượu , bia của Bộ Công_an được quy_định như_thế_nào ?"
3a4a620ab1763706a2f697510381bcbd,Mức phạt hành_vi không hoàn_thành đúng thời_hạn quy_định việc xây_dựng hạ_tầng_cơ_sở khu công_nghệ_thông_tin tập_trung được quy_định như_thế_nào ?
7b559e46d03b8d2521dcea177e32249c,Khi không thoả_thuận thời_hạn uỷ_quyền thì hợp_đồng uỷ_quyền khi nào hết hạn ?
f3a51cb33e75749c6e9a374cfc624e47,Đạo_đức nghề_nghiệp của viên_chức là gì ?
7ca1310f7e95fed0c3baa7498b8a32cc,"Từ_chối trái pháp_luật cung_ứng dịch_vụ bưu_chính phục_vụ cơ_quan Đảng , Nhà_nước , quốc_phòng , an_ninh bị phạt thế_nào ?"
f6dccff22835cc51493281130c44eeb8,Các biện_pháp khắc_phục hậu_quả khác trong lĩnh_vực giao_thông đường_sắt
0c1ef1c14699f9a2a09ce2fdc84b6dad,"Chi_cục Kiểm_dịch động_vật được thu phí , lệ_phí thú_y không ?"
812941fa10502f50cb8d8ab3d7f83b6e,2 điều_kiện người lao_động tại các huyện nghèo đi xuất_khẩu lao_động được vay ưu_đãi của nhà_nước được quy_định như_thế_nào ?
9af0c4b05f22fab04b7cfdcb38fb9603,"Mức đóng BHYT của đại_biểu Quốc_hội , đại_biểu HĐND được quy_định như_thế_nào ?"
bc6a884abdc0eeb209bc8e99354e0e2e,Hồ_sơ đề_nghị điều_chỉnh Giấy chứng_nhận đăng_ký lập quỹ đóng do tăng vốn được quy_định như_thế_nào ?
c00adac8afbfe5e18668afbab3e04e68,Phạt 30 triệu nếu sử_dụng máy_móc sản_xuất thuốc_lá mà không có giấy_phép ?
f56891ea04e9989839895b739d3f8bbf,Kiểm_tra chất_lượng sản_phẩm đo_đạc và bản_đồ là gì ?
472d7ac7531474310d85d5c4801c9518,Phương_thức gửi báo_cáo thống_kê Ngành Thống_kê được quy_định như_thế_nào ?
f728a58293f6395d17a30fa3f6921079,"Điều_kiện về năng_lực chuyên_môn đối_với tổ_chức tư_vấn lập quy_hoạch cảng_hàng_không , sân_bay được quy_định như_thế_nào ?"
85ff8c34beb725980f615fbd8375f067,"Có nồng_độ cồn chưa vượt 0,25 miligam / 1 lít khí thở điều_khiển xe ô_tô phạt bao_nhiêu ?"
b5b5df7ecb7ce484139a046c7e9a84e8,Thẩm_quyền giải_quyết khiếu_nại việc ra hoặc không ra quyết_định thi_hành án theo đề_nghị của Trưởng Văn_phòng Thừa phát lại được quy_định như_thế_nào ?
28e0c2daa83215825973be31140997bb,Hình_thức của việc chuyển_đổi vị_trí công_tác liên_quan đến tham_nhũng được quy_định như_thế_nào ?
09b57975e868bdab6b09e6940742d987,Phạm_nhân dưới 18 tuổi được gọi cho thân_nhân không ?
eebebf4ee3c5624d0711b93edb696bee,"Đi cai_nghiện bắt_buộc , người_nhà mất có được về chịu_tang không ?"
9168e79702c6775f5f657dcf1745764b,Học_viện Tư_pháp có trách_nhiệm gì trong việc bồi_dưỡng nghề công_chứng ?
7bec02896fdcfea9dddff6b1e9f57657,Mức phạt đối_với hành_vi sử_dụng vốn công_ty nhà_nước gây lãng_phí được quy_định như_thế_nào ?
c94bf4e4f0ba2d5cb9028f6570510fd3,Thời_hạn ký Biên_bản ghi_nhớ đối_với dự_án nhà_máy điện PPP được quy_định như_thế_nào ?
1ecb4502c1bbe3df971b66232ab7c54c,"Huỷ_bỏ và chấm_dứt thế_chấp tài_sản cho khoản vay , khoản phát_hành trái_phiếu doanh_nghiệp được chính_phủ bảo_lãnh được quy_định như_thế_nào ?"
675dc529fd0aa2223be421bc3df348c0,Quy_định về thời_gian phê_duyệt danh_mục dự_án đầu_tư có sử_dụng đất được quy_định như_thế_nào ?
d058c8fff0dbfb969336b6396ed9312c,Mẫu vi_sinh y_học là gì ?
bb496b7b795c3f993e0ccf4ff925621e,Những trường_hợp không được bổ_nhiệm làm hoà_giải_viên được quy_định như_thế_nào ?
6ae5b4f3584b7519347d3620974fa7d8,"Chứng_chỉ năng_lực hoạt_động điều_tra , khảo_sát , rà phá bom_mìn vật nổ là gì ?"
4437bd30ff19f803a63913b7ca954e85,Bộ Công_Thương có trách_nhiệm gì trong hoạt_động kinh_doanh vận_tải bằng xe ô_tô ?
2679b339e8f948034702af709cf4cc29,"Nhiệm_vụ , quyền_hạn của các bộ , ngành liên_quan trong hoạt_động khắc_phục hậu_quả bom_mìn vật nổ sau chiến_tranh được quy_định như_thế_nào ?"
543d44236fbe928874de231b567a3bea,Sử_dụng vé giả để đi tàu có bị phạt tiền hay không ?
08214959db7ae07b389c7786638a3bbf,Một người có_thể hướng_dẫn thực_hành khám_chữa bệnh tối_đa cho bao_nhiêu người trong cùng thời_điểm ?
19090d6954fb1b06b00bbcb21d756d1a,Mức phạt hành_vi không chấp_hành hiệu_lệnh của cảnh_sát giao_thông
9ef91f01dbb3d8214065061cf313b8ce,"Mức phạt hành_chính đối_với trường_hợp luật_sư thông_báo không đầy_đủ cho khách_hàng về quyền , nghĩa_vụ trong việc thực_hiện dịch_vụ pháp_lý ?"
8d0353eb62dc108883a8b2a035e4ed6e,"Thời_hạn trả_lời xác_nhận việc đăng_ký tổ_chức hội_chợ , triển_lãm thương_mại được quy_định như_thế_nào ?"
d9c144fe4e7ee33bb516a4c5ad70d9f3,Triển_khai hoạt_động khu CNTT tập_trung không đáp_ứng đủ các tiêu_chí của khu CNTT tập_trung bị phạt bao_nhiêu tiền ?
f1129f4ec82c706cf048de07b93b37a4,Chứng_chỉ rừng quốc_tế là gì ?
478fee682d31b9e549d1712aaf01a373,Đơn_vị hàng đóng_gói sẵn hoặc bao hàng đóng_gói sẵn là gì ?
a07f1218234d91d909bac4c2f61b3d1e,Cơ_sở nào đào_tạo nghề công_chứng ?
ba80b97a13e2d148748e84284969ce75,Quy_định về hồ_sơ pháp_lý của thuốc_thử tương_đương sinh_học được quy_định như_thế_nào ?
f30078c94a40c573bb84b6251deda68b,"Việc quản_lý phí , lệ_phí trong thú_y được quy_định như_thế_nào ?"
